A_account_id,A_mean_amount,B_customer_id,B_current_balance,B_account_type,B_opening_date,B_account_status
389,331.721191,389,9498.900391,"salário","2025-02-16 16:05:22","bloqueada"
289,333.574249,289,3017.310059,"salário","2025-02-07 09:14:44","bloqueada"
638,339.998840,638,7983.140137,"poupança","2025-01-28 11:41:22","desbloqueada"
965,352.377380,965,7687.350098,"poupança","2025-03-05 14:40:47","desbloqueada"
992,392.447205,992,9228.549805,"poupança","2025-03-12 20:15:11","desbloqueada"
804,386.121674,804,5502.319824,"corrente","2025-01-10 23:43:34","desbloqueada"
494,352.261688,494,6672.959961,"poupança","2025-02-25 01:04:24","pendente"
837,318.964874,837,14796.830078,"corrente","2025-02-17 23:51:08","desbloqueada"
433,314.255127,433,4910.549805,"corrente","2025-01-19 18:24:12","desbloqueada"
94,344.492126,94,5596.490234,"corrente","2025-02-27 20:08:02","pendente"
989,384.467529,989,179.380005,"poupança","2025-02-03 04:24:50","pendente"
561,313.184387,561,9847.679688,"poupança","2025-02-01 00:56:14","pendente"
723,347.846344,723,1312.949951,"poupança","2025-01-12 16:14:45","pendente"
774,317.916199,774,11351.000000,"poupança","2025-01-08 12:36:51","desbloqueada"
584,338.655518,584,49.110001,"salário","2025-03-09 17:56:58","bloqueada"
12,357.856995,12,4675.439941,"corrente","2025-02-27 12:26:48","bloqueada"
847,370.334686,847,13375.000000,"poupança","2025-02-09 23:26:35","desbloqueada"
864,381.143402,864,13426.660156,"salário","2025-02-28 07:09:41","pendente"
607,330.022919,607,3498.280029,"poupança","2025-02-05 00:47:50","desbloqueada"
659,364.929504,659,8377.679688,"corrente","2025-02-07 19:20:17","desbloqueada"
922,362.207916,922,703.679993,"corrente","2025-03-07 03:01:18","bloqueada"
991,352.458374,991,13012.740234,"corrente","2025-02-26 08:07:32","desbloqueada"
722,357.190979,722,9672.540039,"corrente","2025-04-02 11:43:08","pendente"
754,362.723633,754,8146.069824,"salário","2025-02-28 04:42:34","pendente"
30,347.333740,30,2168.689941,"salário","2025-03-26 19:39:09","bloqueada"
916,361.800476,916,5291.890137,"poupança","2025-01-07 17:31:49","pendente"
288,386.469910,288,11788.419922,"poupança","2025-02-08 10:18:37","bloqueada"
690,365.060974,690,7745.970215,"poupança","2025-03-18 22:48:28","bloqueada"
411,376.046387,411,9997.990234,"salário","2025-03-23 22:06:04","pendente"
283,360.406494,283,4379.270020,"corrente","2025-02-17 22:17:25","pendente"
171,321.122589,171,3219.330078,"corrente","2025-04-04 22:04:32","desbloqueada"
740,339.019928,740,3466.159912,"poupança","2025-03-30 19:18:02","pendente"
348,342.602570,348,10521.459961,"corrente","2025-02-07 05:44:18","pendente"
544,367.987610,544,1739.750000,"poupança","2025-03-11 04:41:13","bloqueada"
582,371.925598,582,6700.490234,"salário","2025-03-09 14:58:40","bloqueada"
332,353.066437,332,6207.339844,"salário","2025-04-01 09:56:55","pendente"
504,320.878540,504,8213.879883,"corrente","2025-04-06 06:32:26","pendente"
679,365.703766,679,2001.579956,"salário","2025-01-23 12:07:21","pendente"
380,314.649536,380,4646.790039,"poupança","2025-02-08 22:18:24","pendente"
350,379.224915,350,10514.580078,"poupança","2025-03-05 12:48:33","pendente"
915,353.004944,915,2221.959961,"salário","2025-03-26 22:18:25","bloqueada"
259,372.032410,259,14392.559570,"salário","2025-02-18 08:43:38","pendente"
100,359.186340,100,10504.150391,"salário","2025-03-28 17:36:31","desbloqueada"
836,392.691223,836,9545.429688,"salário","2025-03-29 03:44:53","desbloqueada"
621,367.069489,621,1128.020020,"salário","2025-02-22 16:54:33","bloqueada"
705,378.374695,705,13508.660156,"poupança","2025-02-19 11:26:25","pendente"
236,363.298492,236,6470.279785,"poupança","2025-02-20 02:54:24","bloqueada"
865,340.122925,865,6245.569824,"corrente","2025-02-12 06:35:52","bloqueada"
445,319.335571,445,9104.429688,"poupança","2025-03-14 14:10:03","desbloqueada"
352,322.243530,352,1743.459961,"corrente","2025-01-20 03:14:34","bloqueada"
558,380.041443,558,14217.179688,"corrente","2025-03-12 10:41:02","bloqueada"
729,348.307281,729,9848.639648,"corrente","2025-01-09 00:44:56","desbloqueada"
437,344.723846,437,3266.469971,"poupança","2025-01-25 04:03:58","pendente"
499,353.465454,499,3813.439941,"corrente","2025-01-17 04:40:52","desbloqueada"
839,367.711151,839,13548.599609,"corrente","2025-02-02 10:19:49","pendente"
477,348.793488,477,5770.839844,"salário","2025-03-13 02:12:36","bloqueada"
109,341.401306,109,8372.900391,"poupança","2025-03-11 13:13:42","pendente"
452,379.253082,452,13156.280273,"salário","2025-03-09 11:45:46","desbloqueada"
748,316.282379,748,3762.120117,"corrente","2025-01-21 23:05:30","desbloqueada"
317,378.576721,317,1800.150024,"salário","2025-01-18 12:56:50","bloqueada"
838,361.208466,838,10909.870117,"corrente","2025-02-28 14:54:04","desbloqueada"
150,377.189697,150,1061.430054,"corrente","2025-03-10 22:42:52","desbloqueada"
488,350.468445,488,5827.069824,"salário","2025-02-25 16:59:13","bloqueada"
629,386.808380,629,7639.129883,"salário","2025-01-15 03:42:50","pendente"
875,371.941833,875,5823.359863,"salário","2025-02-14 03:46:53","bloqueada"
716,378.047882,716,2756.340088,"corrente","2025-03-15 06:41:02","pendente"
639,385.335205,639,4027.580078,"corrente","2025-01-05 08:12:52","desbloqueada"
568,363.142365,568,12152.110352,"salário","2025-01-30 07:54:44","desbloqueada"
891,357.665863,891,312.440002,"salário","2025-03-05 15:16:59","bloqueada"
190,354.208832,190,14500.139648,"salário","2025-01-12 19:14:48","desbloqueada"
653,356.614502,653,9925.450195,"poupança","2025-01-14 20:38:11","bloqueada"
374,377.428619,374,8566.169922,"salário","2025-02-17 06:47:19","bloqueada"
465,355.976746,465,11203.290039,"poupança","2025-01-10 16:45:52","bloqueada"
10,384.307861,10,4695.700195,"salário","2025-04-04 22:43:35","desbloqueada"
416,370.464813,416,4809.009766,"poupança","2025-02-22 17:44:36","pendente"
167,365.627228,167,892.359985,"corrente","2025-02-22 01:34:47","desbloqueada"
800,387.688263,800,8009.620117,"salário","2025-03-31 00:29:56","bloqueada"
67,350.138123,67,10399.559570,"poupança","2025-03-12 01:52:51","bloqueada"
709,400.476044,709,5334.890137,"salário","2025-03-29 06:08:49","bloqueada"
196,376.979187,196,7734.990234,"corrente","2025-03-30 22:08:39","bloqueada"
521,371.524658,521,4581.689941,"corrente","2025-02-27 06:10:53","bloqueada"
626,355.052765,626,5240.649902,"salário","2025-03-24 12:25:58","bloqueada"
632,366.748016,632,13956.360352,"salário","2025-02-17 05:44:15","bloqueada"
300,333.091766,300,5305.779785,"salário","2025-01-13 20:25:27","pendente"
45,348.800598,45,5480.819824,"poupança","2025-03-21 07:41:25","bloqueada"
241,349.166260,241,11269.700195,"salário","2025-01-26 20:14:43","bloqueada"
944,341.002411,944,3077.120117,"poupança","2025-02-05 13:55:23","bloqueada"
670,351.220795,670,1597.680054,"poupança","2025-03-25 23:55:33","desbloqueada"
28,324.621643,28,4528.520020,"poupança","2025-03-06 12:29:50","desbloqueada"
213,354.896423,213,10955.219727,"salário","2025-04-04 23:51:38","desbloqueada"
910,345.486786,910,11055.299805,"salário","2025-01-10 01:39:21","pendente"
403,362.135712,403,5364.129883,"poupança","2025-03-21 06:36:57","bloqueada"
334,398.842010,334,3071.320068,"poupança","2025-02-02 11:25:33","desbloqueada"
719,379.811646,719,13958.490234,"salário","2025-03-16 17:38:00","pendente"
245,358.643829,245,13451.139648,"poupança","2025-01-30 21:44:51","desbloqueada"
777,355.464996,777,9721.209961,"poupança","2025-01-02 05:56:01","pendente"
535,350.034332,535,6782.859863,"poupança","2025-01-17 23:42:20","pendente"
779,381.156403,779,4071.659912,"corrente","2025-04-02 20:10:43","desbloqueada"
396,348.287140,396,987.630005,"salário","2025-02-07 00:30:33","desbloqueada"
756,401.793457,756,7640.620117,"poupança","2025-01-15 13:18:36","bloqueada"
983,378.774353,983,4230.229980,"corrente","2025-02-04 14:10:17","desbloqueada"
744,352.398407,744,6221.339844,"poupança","2025-03-14 21:53:16","bloqueada"
702,345.610352,702,4916.629883,"salário","2025-03-30 22:48:39","bloqueada"
451,364.649780,451,7081.609863,"poupança","2025-01-23 05:06:59","desbloqueada"
55,361.221436,55,14327.669922,"corrente","2025-01-06 11:40:26","desbloqueada"
29,356.398254,29,8610.349609,"corrente","2025-01-03 18:19:40","pendente"
818,372.362732,818,11871.349609,"salário","2025-01-03 17:44:10","bloqueada"
76,384.898468,76,10887.540039,"poupança","2025-01-21 08:15:13","desbloqueada"
467,353.136597,467,12976.129883,"poupança","2025-03-06 16:07:36","pendente"
630,334.224426,630,7607.439941,"corrente","2025-03-17 17:52:53","pendente"
412,347.396820,412,1991.869995,"salário","2025-03-15 18:08:50","pendente"
476,324.330841,476,8013.109863,"salário","2025-02-14 08:32:10","bloqueada"
114,331.828064,114,9921.230469,"poupança","2025-02-25 11:06:08","bloqueada"
694,367.798340,694,11149.160156,"poupança","2025-01-10 19:56:08","pendente"
270,319.876984,270,1446.280029,"poupança","2025-02-03 00:20:20","pendente"
11,344.139771,11,1387.569946,"salário","2025-02-24 08:12:35","pendente"
60,358.785400,60,14178.469727,"poupança","2025-02-04 03:36:17","bloqueada"
48,365.806610,48,4067.659912,"salário","2025-01-02 10:16:09","desbloqueada"
78,315.407104,78,740.880005,"poupança","2025-02-16 18:06:00","desbloqueada"
247,343.245209,247,6192.629883,"salário","2025-03-21 07:47:33","pendente"
520,377.244781,520,14366.879883,"salário","2025-01-18 13:47:16","pendente"
610,372.693878,610,6161.470215,"corrente","2025-01-19 13:43:57","desbloqueada"
462,351.447510,462,11740.959961,"poupança","2025-01-12 06:00:43","desbloqueada"
615,389.829559,615,6563.970215,"corrente","2025-02-14 10:07:40","pendente"
180,399.460754,180,11399.040039,"poupança","2025-02-01 08:02:07","bloqueada"
503,375.239838,503,4812.100098,"poupança","2025-02-10 03:56:51","desbloqueada"
102,355.246674,102,8919.440430,"corrente","2025-03-29 12:35:08","pendente"
303,339.341431,303,6246.629883,"corrente","2025-03-16 20:53:54","desbloqueada"
408,344.447418,408,13842.709961,"corrente","2025-04-01 08:21:03","pendente"
633,326.491425,633,1754.040039,"salário","2025-03-15 13:35:02","bloqueada"
978,381.539825,978,3862.110107,"poupança","2025-02-20 14:14:35","bloqueada"
587,363.528564,587,1507.209961,"poupança","2025-02-18 01:52:09","pendente"
420,330.271301,420,7508.250000,"salário","2025-01-23 04:30:57","bloqueada"
843,362.015839,843,7306.370117,"corrente","2025-01-07 16:11:42","bloqueada"
869,376.388123,869,10985.429688,"corrente","2025-03-30 22:07:26","bloqueada"
933,333.355347,933,13061.080078,"salário","2025-01-11 04:37:43","bloqueada"
414,356.830536,414,14037.440430,"corrente","2025-02-18 01:38:14","bloqueada"
977,367.025879,977,14243.919922,"poupança","2025-02-13 13:00:32","bloqueada"
512,339.078278,512,10290.660156,"corrente","2025-03-30 04:10:23","desbloqueada"
325,332.185577,325,5968.470215,"salário","2025-02-06 02:28:16","desbloqueada"
873,330.260742,873,6482.810059,"poupança","2025-02-10 10:22:44","desbloqueada"
392,392.656891,392,6101.939941,"salário","2025-02-14 20:37:43","bloqueada"
762,362.391510,762,3407.350098,"salário","2025-03-05 16:33:45","bloqueada"
884,339.108185,884,4815.799805,"poupança","2025-03-12 20:23:34","bloqueada"
663,424.042847,663,5960.270020,"corrente","2025-02-17 22:29:04","pendente"
867,327.423523,867,9199.809570,"poupança","2025-02-03 08:00:44","pendente"
129,317.852722,129,12431.269531,"corrente","2025-03-01 00:25:38","desbloqueada"
972,324.942413,972,4757.520020,"salário","2025-02-26 01:10:26","desbloqueada"
612,382.273712,612,13099.419922,"poupança","2025-01-10 13:40:30","bloqueada"
280,353.515656,280,1552.670044,"salário","2025-01-07 17:56:53","pendente"
235,350.703278,235,14723.980469,"corrente","2025-01-29 18:59:27","pendente"
206,349.806061,206,14660.299805,"corrente","2025-01-13 15:33:27","desbloqueada"
257,354.994019,257,9374.769531,"corrente","2025-03-21 00:55:35","desbloqueada"
126,339.997192,126,833.960022,"poupança","2025-03-01 09:28:57","desbloqueada"
771,342.599792,771,138.619995,"corrente","2025-01-15 19:22:32","desbloqueada"
164,337.919739,164,3197.290039,"corrente","2025-01-03 02:47:27","pendente"
165,367.230652,165,2506.100098,"salário","2025-02-24 22:52:46","desbloqueada"
287,314.010193,287,9670.110352,"salário","2025-03-03 06:59:47","bloqueada"
552,356.412750,552,14411.690430,"corrente","2025-04-05 11:45:11","pendente"
990,346.084930,990,1766.540039,"salário","2025-03-17 22:39:15","desbloqueada"
498,397.063904,498,6622.470215,"corrente","2025-03-06 10:23:17","desbloqueada"
458,338.966980,458,5243.149902,"poupança","2025-01-12 10:16:56","desbloqueada"
301,354.340302,301,6458.169922,"corrente","2025-01-23 10:29:58","pendente"
745,374.781097,745,14737.570312,"corrente","2025-01-30 03:23:47","desbloqueada"
373,391.414185,373,13569.849609,"corrente","2025-01-25 09:43:17","desbloqueada"
41,373.598877,41,3618.350098,"poupança","2025-01-02 01:13:05","desbloqueada"
133,325.933380,133,12214.919922,"salário","2025-02-14 01:12:31","bloqueada"
796,353.483826,796,2445.540039,"salário","2025-01-01 19:26:16","bloqueada"
14,365.832672,14,10580.620117,"poupança","2025-02-16 06:58:38","bloqueada"
788,366.305573,788,11389.700195,"salário","2025-03-13 07:18:25","desbloqueada"
274,327.946350,274,2677.310059,"poupança","2025-02-05 12:31:41","desbloqueada"
382,369.248749,382,2625.290039,"poupança","2025-04-06 19:03:22","desbloqueada"
266,372.034149,266,8598.629883,"salário","2025-02-15 13:45:25","bloqueada"
342,336.838287,342,5213.439941,"corrente","2025-03-14 17:56:41","desbloqueada"
853,333.277435,853,6370.259766,"salário","2025-02-17 22:18:04","bloqueada"
323,347.743011,323,7653.209961,"corrente","2025-02-04 15:43:14","desbloqueada"
148,358.495148,148,323.269989,"poupança","2025-01-10 16:18:28","desbloqueada"
619,333.859131,619,4575.270020,"poupança","2025-01-05 10:54:10","desbloqueada"
480,375.281433,480,5608.209961,"corrente","2025-03-13 08:29:54","bloqueada"
755,354.209839,755,12285.040039,"poupança","2025-01-01 12:07:13","desbloqueada"
935,364.548340,935,9050.290039,"corrente","2025-01-15 22:59:21","pendente"
820,376.384705,820,693.630005,"salário","2025-02-07 05:15:50","desbloqueada"
840,359.975861,840,14905.179688,"corrente","2025-04-05 21:08:45","bloqueada"
656,383.558746,656,13637.879883,"corrente","2025-01-19 11:35:46","bloqueada"
551,345.752960,551,3950.449951,"salário","2025-01-24 15:07:43","bloqueada"
606,339.364441,606,6975.439941,"poupança","2025-01-20 16:26:33","pendente"
731,365.421295,731,11242.639648,"salário","2025-02-10 19:01:36","bloqueada"
293,351.654785,293,12419.129883,"salário","2025-01-04 00:31:33","desbloqueada"
89,359.676270,89,12309.980469,"poupança","2025-03-31 21:48:11","pendente"
413,343.508392,413,9911.200195,"poupança","2025-02-20 08:31:29","desbloqueada"
737,365.583527,737,7660.259766,"corrente","2025-01-28 05:26:51","desbloqueada"
469,347.517822,469,2957.330078,"poupança","2025-01-28 02:44:08","desbloqueada"
608,335.917786,608,2168.570068,"corrente","2025-03-17 15:39:24","desbloqueada"
654,355.957428,654,1412.339966,"corrente","2025-02-16 10:50:07","pendente"
295,366.564545,295,8069.850098,"corrente","2025-03-06 04:31:21","desbloqueada"
583,347.905487,583,5780.770020,"salário","2025-01-02 05:14:05","pendente"
636,374.672546,636,10501.160156,"poupança","2025-01-27 07:59:01","bloqueada"
555,372.629028,555,2182.709961,"poupança","2025-03-30 19:34:57","desbloqueada"
371,386.971375,371,5239.689941,"salário","2025-04-04 08:12:42","pendente"
766,360.423889,766,11969.650391,"poupança","2025-03-07 17:24:31","bloqueada"
701,368.929535,701,12263.080078,"salário","2025-02-12 12:05:31","pendente"
677,369.943298,677,10798.000000,"corrente","2025-01-05 12:42:36","desbloqueada"
963,343.371246,963,10211.660156,"salário","2025-04-01 22:47:57","bloqueada"
170,367.888153,170,14288.320312,"corrente","2025-01-18 15:44:49","desbloqueada"
439,335.591217,439,10164.540039,"corrente","2025-02-25 10:37:50","desbloqueada"
383,343.258881,383,9919.000000,"corrente","2025-01-31 17:22:28","pendente"
33,347.379578,33,12317.250000,"corrente","2025-03-19 00:19:41","bloqueada"
329,346.260132,329,5313.600098,"poupança","2025-03-10 23:56:44","pendente"
980,354.080841,980,1039.060059,"corrente","2025-03-08 23:40:22","desbloqueada"
37,333.269409,37,6735.729980,"poupança","2025-02-18 03:46:14","pendente"
254,314.905182,254,5649.580078,"corrente","2025-03-19 23:34:29","pendente"
528,368.602875,528,5370.370117,"salário","2025-02-06 10:48:15","bloqueada"
344,370.706848,344,14565.049805,"corrente","2025-02-13 01:40:35","bloqueada"
244,353.425964,244,845.140015,"poupança","2025-01-18 13:49:28","desbloqueada"
321,343.412476,321,13813.669922,"poupança","2025-02-01 15:06:26","desbloqueada"
877,338.657898,877,6033.850098,"corrente","2025-01-22 00:24:59","desbloqueada"
988,378.274261,988,11551.589844,"poupança","2025-02-05 19:29:19","desbloqueada"
397,360.733307,397,11531.129883,"poupança","2025-03-20 07:03:30","desbloqueada"
130,341.540802,130,9568.219727,"salário","2025-02-14 10:07:30","desbloqueada"
253,362.808624,253,13921.860352,"salário","2025-01-20 00:43:34","desbloqueada"
982,353.357330,982,1595.699951,"corrente","2025-03-29 14:44:10","desbloqueada"
223,336.044281,223,1496.219971,"salário","2025-03-17 19:24:10","pendente"
940,307.857758,940,2519.070068,"salário","2025-03-05 02:08:56","pendente"
68,360.665466,68,5075.040039,"poupança","2025-04-02 23:04:10","bloqueada"
862,379.614136,862,9432.719727,"salário","2025-02-13 02:23:57","desbloqueada"
819,378.977295,819,12090.759766,"salário","2025-01-19 19:31:53","pendente"
631,375.454773,631,932.750000,"salário","2025-02-05 18:07:07","bloqueada"
667,353.098236,667,1124.619995,"corrente","2025-02-02 06:55:16","bloqueada"
686,310.306549,686,2134.850098,"poupança","2025-01-15 20:05:09","desbloqueada"
852,386.067505,852,13557.110352,"poupança","2025-01-20 14:18:59","bloqueada"
781,354.456665,781,6303.709961,"salário","2025-01-19 22:44:03","pendente"
510,311.968414,510,4449.169922,"poupança","2025-01-20 09:48:56","bloqueada"
589,351.466003,589,4684.379883,"salário","2025-01-30 08:47:10","desbloqueada"
405,374.391571,405,5922.450195,"salário","2025-01-26 22:08:46","bloqueada"
298,358.816345,298,13406.700195,"corrente","2025-01-31 20:09:14","bloqueada"
645,380.341461,645,868.710022,"corrente","2025-02-20 01:40:58","pendente"
346,336.608368,346,8148.009766,"corrente","2025-02-10 12:32:10","bloqueada"
107,360.033966,107,7138.479980,"poupança","2025-03-15 06:57:33","pendente"
537,345.016785,537,14690.259766,"corrente","2025-03-16 04:16:29","pendente"
347,350.671417,347,13551.940430,"corrente","2025-03-09 10:53:20","pendente"
746,344.992340,746,7522.600098,"corrente","2025-01-09 09:48:16","bloqueada"
904,341.686798,904,14674.750000,"salário","2025-01-20 18:27:23","pendente"
215,317.842560,215,3895.699951,"salário","2025-01-22 19:19:35","pendente"
318,376.346405,318,86.809998,"salário","2025-01-04 12:39:37","pendente"
460,348.609650,460,7888.250000,"poupança","2025-01-29 09:35:15","bloqueada"
945,373.528656,945,3685.030029,"salário","2025-03-24 05:47:44","pendente"
204,359.119812,204,1305.739990,"salário","2025-03-31 15:48:59","desbloqueada"
962,374.960175,962,7814.450195,"corrente","2025-04-02 18:22:10","desbloqueada"
203,380.019867,203,7222.339844,"salário","2025-03-25 21:37:47","desbloqueada"
886,366.781189,886,11611.370117,"poupança","2025-03-15 23:38:09","bloqueada"
272,333.245758,272,13890.099609,"corrente","2025-01-17 13:30:13","pendente"
936,337.380829,936,1607.209961,"corrente","2025-01-15 21:10:12","pendente"
805,377.137360,805,4193.100098,"poupança","2025-02-24 22:50:46","pendente"
370,339.364777,370,8884.000000,"salário","2025-04-05 14:23:15","desbloqueada"
553,343.113129,553,13366.790039,"corrente","2025-01-24 23:47:17","bloqueada"
732,346.400208,732,13891.059570,"salário","2025-03-09 02:51:11","pendente"
603,359.446472,603,13257.589844,"salário","2025-01-16 22:36:58","pendente"
205,346.741699,205,6244.189941,"corrente","2025-02-08 06:55:39","pendente"
393,369.565887,393,6643.770020,"poupança","2025-01-27 03:39:36","desbloqueada"
186,341.142670,186,1930.339966,"poupança","2025-01-31 15:08:00","bloqueada"
183,318.356750,183,9207.280273,"corrente","2025-02-22 05:10:35","pendente"
228,376.924866,228,8521.889648,"salário","2025-01-02 06:14:34","pendente"
158,356.066772,158,10562.740234,"corrente","2025-01-02 05:29:15","pendente"
2,362.861023,2,10362.629883,"poupança","2025-02-01 10:57:40","desbloqueada"
261,355.141541,261,7085.209961,"corrente","2025-03-06 17:47:16","pendente"
623,354.785828,623,6988.700195,"poupança","2025-02-26 08:16:46","desbloqueada"
560,333.628113,560,12207.000000,"salário","2025-02-16 04:46:34","desbloqueada"
530,321.937439,530,11072.190430,"poupança","2025-03-18 09:04:41","bloqueada"
971,332.616943,971,12381.290039,"poupança","2025-04-05 17:49:06","desbloqueada"
66,336.048798,66,14288.309570,"poupança","2025-01-04 17:29:05","desbloqueada"
378,353.826965,378,14424.070312,"corrente","2025-03-06 19:09:08","desbloqueada"
749,370.470764,749,7135.220215,"salário","2025-02-04 12:09:23","pendente"
693,334.720734,693,1086.729980,"poupança","2025-02-26 11:30:53","desbloqueada"
57,345.636627,57,10682.120117,"poupança","2025-02-14 04:21:04","desbloqueada"
554,334.204224,554,6625.410156,"corrente","2025-02-10 20:59:14","desbloqueada"
4,350.117828,4,7236.439941,"poupança","2025-01-21 12:59:10","bloqueada"
39,324.125183,39,277.790009,"poupança","2025-03-18 19:03:07","desbloqueada"
901,350.099030,901,8680.639648,"poupança","2025-02-26 04:38:15","desbloqueada"
829,385.777710,829,12351.849609,"corrente","2025-02-01 18:00:14","pendente"
431,352.398773,431,2222.939941,"salário","2025-02-11 10:23:35","bloqueada"
609,355.048187,609,9256.879883,"poupança","2025-02-03 23:38:46","bloqueada"
909,395.838287,909,3853.169922,"salário","2025-01-27 01:16:45","desbloqueada"
752,317.390228,752,1493.300049,"salário","2025-01-13 05:15:43","pendente"
906,366.725067,906,2620.689941,"corrente","2025-01-17 11:27:20","bloqueada"
697,317.104950,697,4032.879883,"poupança","2025-04-05 03:04:36","bloqueada"
65,354.601318,65,11396.240234,"salário","2025-02-21 02:44:16","desbloqueada"
801,385.653381,801,367.450012,"poupança","2025-03-22 02:40:09","desbloqueada"
993,331.746735,993,5303.720215,"poupança","2025-02-08 18:18:46","bloqueada"
578,374.574005,578,11979.280273,"poupança","2025-01-26 10:12:39","bloqueada"
712,384.416809,712,3194.959961,"corrente","2025-01-21 18:50:11","bloqueada"
6,355.337036,6,5071.660156,"salário","2025-02-02 07:01:03","desbloqueada"
858,350.470886,858,6927.209961,"salário","2025-02-20 16:56:43","bloqueada"
660,343.742462,660,9648.200195,"poupança","2025-02-24 09:17:34","pendente"
200,390.087311,200,2645.600098,"salário","2025-03-29 13:00:03","desbloqueada"
429,325.451782,429,4172.149902,"corrente","2025-01-30 22:52:10","pendente"
624,335.843842,624,1430.589966,"salário","2025-03-01 00:53:47","bloqueada"
44,318.418701,44,955.979980,"corrente","2025-01-09 05:35:33","pendente"
710,371.600189,710,8143.310059,"poupança","2025-01-31 13:07:01","desbloqueada"
365,347.524048,365,8284.330078,"salário","2025-03-08 16:56:17","pendente"
845,346.297699,845,5307.649902,"corrente","2025-03-04 12:58:18","desbloqueada"
830,365.441650,830,5219.319824,"corrente","2025-02-22 12:41:23","bloqueada"
273,369.054688,273,9278.080078,"salário","2025-03-27 18:45:58","desbloqueada"
579,364.069611,579,11440.950195,"poupança","2025-01-01 17:12:52","pendente"
511,356.712891,511,5924.279785,"corrente","2025-03-05 05:50:24","pendente"
229,339.257050,229,8422.429688,"salário","2025-03-10 12:12:18","desbloqueada"
381,315.048218,381,5310.520020,"salário","2025-03-12 14:14:06","bloqueada"
286,365.980316,286,4810.240234,"poupança","2025-03-10 01:48:17","pendente"
121,381.631775,121,12.190000,"poupança","2025-02-08 20:58:54","bloqueada"
267,348.512817,267,2515.959961,"corrente","2025-04-05 22:59:49","desbloqueada"
996,331.718811,996,5595.709961,"salário","2025-02-03 17:38:08","pendente"
637,354.668732,637,14016.959961,"salário","2025-02-03 10:12:31","pendente"
487,350.789398,487,7224.350098,"salário","2025-03-18 18:23:21","bloqueada"
281,351.403351,281,12625.019531,"salário","2025-02-17 05:42:46","pendente"
599,394.414825,599,14801.700195,"poupança","2025-01-29 07:48:57","desbloqueada"
357,336.427124,357,13588.740234,"salário","2025-04-02 15:01:13","desbloqueada"
135,408.081848,135,11485.629883,"salário","2025-03-27 22:08:02","pendente"
193,342.685089,193,13119.080078,"salário","2025-02-16 04:50:54","desbloqueada"
789,347.670380,789,8944.049805,"corrente","2025-03-23 06:30:01","desbloqueada"
879,369.361542,879,4548.600098,"corrente","2025-01-25 21:06:01","desbloqueada"
141,349.032379,141,169.029999,"salário","2025-03-20 08:16:06","desbloqueada"
426,374.458618,426,3733.100098,"salário","2025-01-31 12:37:53","bloqueada"
168,347.361603,168,13623.429688,"salário","2025-01-13 05:10:28","desbloqueada"
790,375.223755,790,3755.580078,"corrente","2025-02-18 17:27:54","bloqueada"
728,349.165924,728,4280.589844,"corrente","2025-02-04 22:15:44","pendente"
302,392.796112,302,11352.000000,"salário","2025-03-16 20:51:23","pendente"
459,372.705017,459,11598.179688,"poupança","2025-02-16 04:30:38","desbloqueada"
772,392.925476,772,12763.240234,"poupança","2025-01-16 19:39:27","bloqueada"
822,386.772644,822,4813.850098,"salário","2025-03-17 07:24:39","bloqueada"
641,367.854614,641,4488.109863,"salário","2025-03-30 06:27:49","pendente"
898,333.844238,898,10702.120117,"corrente","2025-04-01 20:29:33","desbloqueada"
523,308.516632,523,11397.790039,"corrente","2025-01-03 03:26:10","desbloqueada"
296,327.956879,296,6501.549805,"poupança","2025-03-16 18:25:18","pendente"
173,391.406525,173,8717.559570,"corrente","2025-01-11 18:22:30","bloqueada"
222,341.078827,222,1615.829956,"salário","2025-02-06 19:53:35","bloqueada"
775,328.660553,775,6287.799805,"corrente","2025-01-30 12:02:37","pendente"
517,372.747040,517,8554.110352,"poupança","2025-01-19 11:15:30","bloqueada"
739,384.765320,739,14499.110352,"salário","2025-01-23 17:16:48","bloqueada"
527,373.150970,527,1729.420044,"poupança","2025-03-05 02:06:41","pendente"
77,351.504852,77,1494.079956,"corrente","2025-02-10 08:29:39","pendente"
741,341.661133,741,10416.540039,"poupança","2025-03-24 10:47:21","pendente"
812,353.495605,812,2225.830078,"poupança","2025-02-09 16:37:53","pendente"
692,389.593781,692,14976.339844,"salário","2025-02-17 16:46:17","pendente"
147,318.796936,147,3106.300049,"salário","2025-03-04 13:07:13","pendente"
792,344.799835,792,4623.250000,"salário","2025-03-22 17:19:00","pendente"
550,354.543823,550,9553.160156,"salário","2025-03-26 10:09:48","desbloqueada"
601,358.906982,601,10623.879883,"poupança","2025-04-01 19:36:49","pendente"
214,332.624725,214,14786.580078,"corrente","2025-01-12 22:00:01","pendente"
759,335.820312,759,7724.870117,"salário","2025-02-22 00:13:01","bloqueada"
104,354.506683,104,5139.689941,"poupança","2025-01-03 13:42:22","bloqueada"
3,381.044983,3,6419.350098,"salário","2025-03-28 04:59:44","bloqueada"
22,339.001709,22,7477.930176,"poupança","2025-01-19 05:27:02","pendente"
795,380.123444,795,6529.020020,"poupança","2025-03-25 21:11:13","pendente"
368,369.759949,368,7258.580078,"corrente","2025-01-26 22:03:46","pendente"
673,330.881470,673,10072.540039,"poupança","2025-03-24 19:13:32","desbloqueada"
984,378.546692,984,3160.149902,"poupança","2025-03-30 03:38:24","bloqueada"
995,336.304535,995,8346.040039,"salário","2025-01-06 09:36:49","bloqueada"
271,362.415894,271,9634.889648,"poupança","2025-03-25 17:41:51","bloqueada"
939,386.779572,939,4721.689941,"corrente","2025-02-01 06:43:02","bloqueada"
502,341.890594,502,9221.540039,"salário","2025-03-25 13:25:47","desbloqueada"
56,341.866211,56,3403.469971,"salário","2025-03-31 02:30:33","pendente"
806,336.863281,806,123.970001,"salário","2025-02-11 08:54:14","pendente"
928,368.915009,928,14069.940430,"poupança","2025-02-21 23:39:17","pendente"
967,349.699799,967,4036.300049,"poupança","2025-03-18 02:13:09","bloqueada"
483,366.128204,483,9386.900391,"corrente","2025-04-06 18:32:14","desbloqueada"
375,340.268951,375,1156.750000,"poupança","2025-02-23 10:46:24","bloqueada"
662,367.911255,662,7761.430176,"salário","2025-03-29 10:16:41","bloqueada"
162,349.758881,162,2491.260010,"poupança","2025-03-29 01:51:36","desbloqueada"
242,354.381195,242,11035.000000,"corrente","2025-03-04 12:30:47","desbloqueada"
899,368.045593,899,8329.269531,"poupança","2025-03-07 10:40:58","desbloqueada"
495,368.532471,495,4222.089844,"salário","2025-03-02 18:13:05","desbloqueada"
80,361.035889,80,8172.799805,"salário","2025-02-24 16:13:32","pendente"
454,352.820587,454,449.359985,"corrente","2025-01-21 23:32:28","pendente"
435,357.567657,435,3728.199951,"poupança","2025-01-29 18:58:49","desbloqueada"
652,387.254974,652,5537.479980,"poupança","2025-02-01 01:42:22","pendente"
725,345.732666,725,14750.910156,"salário","2025-03-17 19:39:13","desbloqueada"
8,325.389832,8,1338.930054,"salário","2025-01-20 06:37:21","desbloqueada"
285,372.175110,285,6839.859863,"salário","2025-03-22 03:13:40","desbloqueada"
620,346.051270,620,8712.950195,"poupança","2025-03-06 11:59:27","pendente"
947,360.837585,947,10387.209961,"salário","2025-01-14 01:22:41","desbloqueada"
82,355.485260,82,13033.259766,"corrente","2025-01-11 14:22:48","desbloqueada"
508,345.528503,508,10770.290039,"corrente","2025-03-29 01:39:15","pendente"
783,370.967743,783,8142.290039,"corrente","2025-02-08 00:09:14","desbloqueada"
154,334.528778,154,14810.190430,"poupança","2025-03-24 22:18:00","desbloqueada"
246,375.939209,246,14405.150391,"poupança","2025-01-20 11:13:05","bloqueada"
120,340.088196,120,13751.080078,"poupança","2025-02-22 16:20:59","pendente"
594,380.472656,594,12084.459961,"corrente","2025-02-23 15:41:05","bloqueada"
292,353.606262,292,265.769989,"corrente","2025-04-03 07:43:07","desbloqueada"
181,375.923920,181,11011.599609,"poupança","2025-01-01 21:46:17","desbloqueada"
70,360.917236,70,8652.730469,"salário","2025-02-20 18:50:09","bloqueada"
166,364.836243,166,1798.459961,"salário","2025-01-16 03:48:37","bloqueada"
440,384.475708,440,7220.439941,"corrente","2025-02-18 22:27:06","pendente"
471,358.582947,471,6403.399902,"poupança","2025-03-14 20:45:07","desbloqueada"
602,331.992004,602,12292.809570,"poupança","2025-02-11 23:34:33","bloqueada"
514,333.892578,514,8804.219727,"poupança","2025-01-13 16:20:18","desbloqueada"
277,353.461853,277,1048.709961,"salário","2025-03-03 09:21:12","bloqueada"
124,351.919586,124,5091.569824,"corrente","2025-02-04 21:50:28","desbloqueada"
876,337.218201,876,1453.989990,"salário","2025-01-06 03:22:17","desbloqueada"
91,325.969513,91,11462.309570,"poupança","2025-01-14 06:04:24","pendente"
885,373.377197,885,5274.049805,"salário","2025-03-07 02:47:49","pendente"
43,331.480988,43,3218.770020,"corrente","2025-02-09 12:56:13","pendente"
388,362.969910,388,173.330002,"corrente","2025-03-10 12:43:20","bloqueada"
422,366.722260,422,14070.320312,"poupança","2025-01-02 05:30:56","pendente"
354,356.666260,354,6491.629883,"poupança","2025-03-18 03:30:18","bloqueada"
743,335.704926,743,2126.629883,"poupança","2025-01-11 11:53:31","desbloqueada"
870,329.797699,870,14395.349609,"salário","2025-03-23 20:30:19","pendente"
981,333.241913,981,1887.329956,"salário","2025-03-18 19:14:32","pendente"
735,354.872375,735,9476.650391,"corrente","2025-02-02 04:29:48","desbloqueada"
714,370.760468,714,6709.339844,"corrente","2025-02-27 12:51:51","desbloqueada"
566,332.136108,566,13035.059570,"poupança","2025-01-03 12:17:10","desbloqueada"
597,373.847534,597,1706.880005,"corrente","2025-02-14 06:37:33","pendente"
562,339.218506,562,9294.849609,"poupança","2025-04-01 22:05:28","pendente"
20,390.849670,20,10551.360352,"salário","2025-02-18 14:53:10","desbloqueada"
824,367.528839,824,3128.649902,"poupança","2025-03-05 15:10:03","bloqueada"
611,372.267273,611,6778.459961,"poupança","2025-03-04 15:40:19","desbloqueada"
985,384.964722,985,8629.679688,"salário","2025-01-30 08:44:29","desbloqueada"
726,355.513214,726,1805.109985,"poupança","2025-01-16 03:42:38","desbloqueada"
841,365.156250,841,362.850006,"corrente","2025-02-01 08:34:58","bloqueada"
9,325.850586,9,11474.200195,"corrente","2025-02-17 11:05:50","bloqueada"
787,348.182465,787,7466.990234,"salário","2025-03-04 03:58:01","bloqueada"
917,361.314758,917,13916.240234,"corrente","2025-02-12 14:26:50","desbloqueada"
359,370.288818,359,7024.279785,"salário","2025-01-31 12:33:57","bloqueada"
448,368.355835,448,13683.049805,"poupança","2025-01-31 09:12:27","bloqueada"
999,339.936951,999,7307.069824,"poupança","2025-02-06 12:12:30","bloqueada"
866,367.569122,866,5303.759766,"salário","2025-03-07 08:59:44","desbloqueada"
543,309.716644,543,315.940002,"poupança","2025-01-13 09:30:40","pendente"
443,398.044312,443,7884.950195,"salário","2025-02-12 23:27:53","bloqueada"
881,359.512665,881,5480.509766,"salário","2025-03-17 19:13:51","bloqueada"
54,338.638702,54,865.219971,"salário","2025-02-25 19:52:58","desbloqueada"
529,366.358948,529,6703.899902,"salário","2025-04-02 20:15:06","desbloqueada"
428,377.811615,428,7791.069824,"poupança","2025-01-18 05:08:03","bloqueada"
18,343.692719,18,14181.990234,"poupança","2025-02-02 18:55:18","pendente"
131,353.573395,131,6644.259766,"poupança","2025-02-20 07:48:41","desbloqueada"
908,300.850128,908,9569.019531,"salário","2025-03-25 00:37:17","bloqueada"
658,369.058716,658,11242.240234,"poupança","2025-01-15 11:51:50","desbloqueada"
466,377.879456,466,3576.300049,"poupança","2025-03-23 16:24:24","pendente"
798,350.673981,798,7534.979980,"corrente","2025-01-11 10:22:14","desbloqueada"
113,339.905914,113,73.690002,"poupança","2025-01-03 06:00:41","bloqueada"
834,335.688629,834,9593.709961,"salário","2025-02-12 03:13:12","pendente"
179,341.199615,179,4489.830078,"poupança","2025-03-16 23:49:42","bloqueada"
81,338.784607,81,12723.000000,"salário","2025-04-01 10:05:10","bloqueada"
835,348.132141,835,2644.840088,"corrente","2025-02-24 12:40:03","bloqueada"
163,356.540924,163,14105.700195,"poupança","2025-01-18 03:39:24","desbloqueada"
564,374.845886,564,117.239998,"poupança","2025-01-25 12:30:05","bloqueada"
895,335.145050,895,1351.410034,"corrente","2025-01-29 03:17:55","pendente"
194,369.042938,194,304.670013,"poupança","2025-02-26 13:14:12","pendente"
463,366.263733,463,11694.389648,"poupança","2025-01-08 08:43:56","desbloqueada"
355,324.022705,355,8261.030273,"corrente","2025-01-23 13:44:03","bloqueada"
226,317.958710,226,11097.429688,"poupança","2025-04-04 09:57:50","bloqueada"
160,354.661652,160,12018.620117,"poupança","2025-04-04 20:33:39","bloqueada"
0,348.192963,0,12088.679688,"poupança","2025-02-10 06:14:19","bloqueada"
549,341.263519,549,14996.879883,"salário","2025-03-27 14:34:21","bloqueada"
567,382.426636,567,1515.640015,"salário","2025-01-26 17:20:58","bloqueada"
900,384.709839,900,3228.580078,"poupança","2025-03-20 22:35:53","pendente"
457,373.565887,457,8562.809570,"poupança","2025-02-19 02:41:22","desbloqueada"
664,318.828461,664,2652.639893,"poupança","2025-02-15 01:51:07","desbloqueada"
475,362.504517,475,7811.970215,"poupança","2025-02-19 22:23:37","bloqueada"
35,345.267395,35,13089.540039,"corrente","2025-03-19 05:08:08","desbloqueada"
64,333.601318,64,3079.689941,"salário","2025-02-15 16:54:33","bloqueada"
446,331.086761,446,3788.340088,"salário","2025-01-28 00:39:55","desbloqueada"
676,347.957794,676,4101.879883,"corrente","2025-02-22 08:35:29","pendente"
651,373.706085,651,3875.659912,"salário","2025-02-28 21:52:38","desbloqueada"
685,350.569977,685,9891.219727,"corrente","2025-02-13 23:35:20","desbloqueada"
209,354.011597,209,5812.479980,"poupança","2025-03-11 09:42:00","desbloqueada"
450,376.836792,450,12444.400391,"salário","2025-02-27 07:06:42","pendente"
934,325.439362,934,3101.379883,"poupança","2025-02-24 16:07:26","bloqueada"
516,357.516235,516,3897.899902,"corrente","2025-03-25 11:43:39","pendente"
58,321.273407,58,10889.450195,"poupança","2025-03-13 09:07:41","pendente"
255,379.692627,255,14584.570312,"salário","2025-01-03 06:01:47","bloqueada"
175,356.328217,175,2223.110107,"salário","2025-04-04 08:37:15","desbloqueada"
846,380.177856,846,10521.379883,"salário","2025-04-06 15:06:18","pendente"
951,337.293030,951,12326.860352,"salário","2025-03-16 20:40:56","bloqueada"
757,329.463562,757,6426.540039,"corrente","2025-04-03 15:53:40","bloqueada"
115,339.731445,115,12606.889648,"salário","2025-02-02 21:19:06","bloqueada"
456,374.298309,456,3810.699951,"salário","2025-03-16 06:34:07","pendente"
157,367.604614,157,14350.620117,"salário","2025-02-15 03:47:02","pendente"
585,332.632324,585,14820.870117,"poupança","2025-03-02 09:13:20","bloqueada"
649,373.200073,649,6555.680176,"poupança","2025-01-10 22:53:47","desbloqueada"
799,405.100464,799,12256.190430,"poupança","2025-03-25 05:15:37","pendente"
634,375.187622,634,14767.269531,"poupança","2025-03-30 16:34:49","pendente"
643,342.407684,643,10856.459961,"poupança","2025-02-10 00:57:16","desbloqueada"
278,334.882996,278,12855.549805,"corrente","2025-02-11 02:24:40","desbloqueada"
345,354.640564,345,13791.719727,"poupança","2025-01-12 18:21:59","bloqueada"
661,355.129578,661,469.100006,"poupança","2025-03-30 16:20:19","pendente"
878,359.581116,878,3214.429932,"corrente","2025-01-03 07:28:48","pendente"
742,364.702576,742,11658.870117,"poupança","2025-01-14 14:15:18","desbloqueada"
367,336.812714,367,13334.679688,"salário","2025-03-16 12:40:18","bloqueada"
419,363.233337,419,12671.900391,"corrente","2025-04-05 17:15:53","desbloqueada"
360,344.892548,360,13722.129883,"poupança","2025-03-21 08:18:48","desbloqueada"
16,328.151245,16,3883.870117,"corrente","2025-03-15 10:33:02","pendente"
559,348.068939,559,4878.470215,"salário","2025-01-16 04:14:14","pendente"
112,334.848175,112,2747.000000,"corrente","2025-03-28 03:06:48","bloqueada"
943,380.604858,943,14154.509766,"salário","2025-03-10 21:58:18","pendente"
441,382.346771,441,14727.219727,"poupança","2025-03-12 20:58:56","bloqueada"
565,359.196808,565,13137.639648,"salário","2025-03-20 22:36:09","desbloqueada"
600,390.699951,600,14038.549805,"poupança","2025-02-16 16:55:08","desbloqueada"
913,350.821960,913,9030.389648,"poupança","2025-02-10 08:57:04","desbloqueada"
769,361.789124,769,3772.350098,"corrente","2025-02-27 21:50:55","desbloqueada"
87,364.442688,87,14218.009766,"salário","2025-02-10 19:03:50","desbloqueada"
856,338.831268,856,1035.270020,"corrente","2025-02-10 16:38:03","bloqueada"
640,342.118408,640,9209.419922,"salário","2025-02-14 16:48:59","bloqueada"
949,351.843231,949,6592.390137,"poupança","2025-01-09 18:22:32","bloqueada"
123,356.535797,123,9333.940430,"salário","2025-03-04 06:17:04","pendente"
764,356.768433,764,3469.689941,"poupança","2025-02-01 17:15:08","bloqueada"
808,334.055176,808,11084.929688,"poupança","2025-03-02 15:33:09","bloqueada"
327,337.300018,327,11936.129883,"poupança","2025-04-04 20:57:50","pendente"
959,384.495697,959,14136.129883,"corrente","2025-02-10 00:57:14","pendente"
861,360.841034,861,13831.910156,"poupança","2025-01-29 19:14:39","bloqueada"
75,371.815552,75,7000.979980,"poupança","2025-01-16 16:53:31","bloqueada"
256,351.489990,256,7766.220215,"corrente","2025-02-13 19:27:44","bloqueada"
545,323.526001,545,7843.580078,"corrente","2025-01-23 21:19:01","desbloqueada"
689,408.971313,689,10126.570312,"corrente","2025-02-24 20:57:14","pendente"
703,370.256195,703,3702.639893,"corrente","2025-03-20 10:08:04","desbloqueada"
399,369.680603,399,3394.649902,"salário","2025-03-06 03:26:23","bloqueada"
174,376.333069,174,6689.250000,"salário","2025-03-31 21:41:39","pendente"
592,343.899872,592,13210.000000,"salário","2025-02-24 10:26:06","desbloqueada"
364,354.789398,364,6802.819824,"corrente","2025-01-31 01:21:59","desbloqueada"
415,339.775360,415,4396.620117,"corrente","2025-02-03 13:23:50","pendente"
234,335.862549,234,7810.759766,"salário","2025-03-06 04:33:32","bloqueada"
110,385.873657,110,4555.399902,"corrente","2025-03-07 09:34:10","desbloqueada"
519,336.001526,519,5020.450195,"poupança","2025-02-02 00:07:33","desbloqueada"
188,362.566559,188,12230.230469,"corrente","2025-03-26 23:05:31","pendente"
333,345.912079,333,6282.819824,"salário","2025-03-02 01:35:08","bloqueada"
136,350.818970,136,7364.080078,"corrente","2025-03-23 19:58:44","bloqueada"
127,350.794037,127,3.360000,"poupança","2025-03-12 09:02:40","desbloqueada"
797,348.949615,797,8594.070312,"corrente","2025-01-11 13:22:09","bloqueada"
596,326.044647,596,5729.609863,"corrente","2025-02-01 13:51:09","pendente"
189,333.098572,189,12502.759766,"corrente","2025-03-29 11:40:26","pendente"
773,362.216919,773,7695.700195,"corrente","2025-02-06 12:12:08","pendente"
518,375.153442,518,8061.270020,"poupança","2025-02-15 18:20:51","desbloqueada"
979,322.022034,979,4820.319824,"salário","2025-02-15 16:07:40","pendente"
894,360.114960,894,12786.019531,"poupança","2025-01-28 02:41:49","bloqueada"
322,367.763855,322,9379.349609,"corrente","2025-01-23 06:38:50","pendente"
526,340.129578,526,8446.990234,"corrente","2025-01-31 18:03:09","bloqueada"
823,366.063385,823,5411.379883,"salário","2025-02-09 22:36:00","bloqueada"
815,349.543640,815,11533.200195,"salário","2025-02-04 02:23:55","pendente"
622,341.932190,622,541.340027,"poupança","2025-01-24 07:13:20","bloqueada"
563,330.634857,563,8015.069824,"corrente","2025-02-21 05:09:55","pendente"
208,342.706024,208,3139.750000,"corrente","2025-01-29 00:48:42","bloqueada"
442,350.060791,442,11953.110352,"corrente","2025-04-06 08:02:37","desbloqueada"
556,388.145905,556,5744.850098,"poupança","2025-01-21 16:49:07","bloqueada"
541,378.814758,541,11794.839844,"poupança","2025-03-09 10:42:08","desbloqueada"
478,342.077118,478,9388.519531,"poupança","2025-02-05 08:16:54","bloqueada"
418,367.344391,418,9526.080078,"salário","2025-03-31 17:16:04","desbloqueada"
309,367.071442,309,13960.690430,"corrente","2025-02-03 06:41:12","bloqueada"
362,375.055603,362,9613.690430,"poupança","2025-02-16 00:35:19","pendente"
524,355.356628,524,243.860001,"poupança","2025-03-23 09:56:04","bloqueada"
314,352.985840,314,8298.230469,"salário","2025-01-24 15:16:34","pendente"
827,338.283966,827,6228.359863,"corrente","2025-01-08 06:17:31","bloqueada"
106,338.785706,106,13045.790039,"corrente","2025-03-16 17:14:20","desbloqueada"
698,355.414032,698,12113.250000,"salário","2025-02-02 18:49:27","desbloqueada"
490,337.519989,490,3721.520020,"poupança","2025-01-14 03:34:27","pendente"
860,284.910004,860,7566.149902,"poupança","2025-03-17 07:57:20","desbloqueada"
291,388.373260,291,6430.330078,"salário","2025-01-06 00:09:07","pendente"
669,318.871704,669,3191.030029,"salário","2025-02-06 14:53:56","desbloqueada"
210,346.851807,210,12639.709961,"poupança","2025-02-10 02:13:11","pendente"
492,334.586426,492,4299.810059,"salário","2025-02-05 20:12:31","pendente"
786,356.391266,786,2930.229980,"salário","2025-01-20 15:07:45","pendente"
311,365.082916,311,11882.219727,"salário","2025-01-12 23:24:29","desbloqueada"
98,397.795319,98,7884.689941,"corrente","2025-01-15 10:28:56","bloqueada"
570,327.011353,570,12839.019531,"salário","2025-03-18 18:53:47","bloqueada"
506,333.439911,506,3345.639893,"salário","2025-01-04 23:04:54","bloqueada"
635,383.626923,635,5431.779785,"corrente","2025-01-20 00:52:43","pendente"
780,361.808197,780,2921.959961,"salário","2025-03-19 07:44:18","desbloqueada"
497,349.453552,497,13060.709961,"corrente","2025-03-31 15:27:29","bloqueada"
646,296.364624,646,14464.030273,"salário","2025-02-05 07:27:03","pendente"
973,383.102966,973,2438.479980,"corrente","2025-02-24 11:22:36","desbloqueada"
24,352.582001,24,14506.009766,"corrente","2025-01-29 23:27:44","pendente"
573,386.814545,573,2974.760010,"poupança","2025-01-26 17:11:18","desbloqueada"
946,344.158203,946,12710.629883,"poupança","2025-01-04 02:03:16","desbloqueada"
31,377.106995,31,11908.469727,"salário","2025-02-05 04:30:36","desbloqueada"
997,367.378265,997,7530.549805,"poupança","2025-02-09 02:20:44","bloqueada"
682,341.296478,682,7147.689941,"corrente","2025-03-20 06:07:03","bloqueada"
874,366.858307,874,10260.610352,"corrente","2025-04-05 17:51:42","pendente"
391,357.450317,391,13723.450195,"poupança","2025-04-04 03:30:24","pendente"
912,367.732574,912,6547.709961,"salário","2025-03-21 19:05:53","bloqueada"
538,311.220306,538,12021.500000,"salário","2025-02-06 10:29:54","pendente"
482,357.837830,482,3443.080078,"poupança","2025-03-04 05:31:56","desbloqueada"
424,346.918304,424,4041.360107,"poupança","2025-03-09 02:13:42","bloqueada"
425,366.238678,425,1292.719971,"poupança","2025-01-25 13:56:56","bloqueada"
23,347.060699,23,10027.089844,"poupança","2025-01-25 05:51:51","pendente"
282,316.161102,282,8309.919922,"salário","2025-01-16 13:45:40","pendente"
145,369.656830,145,6732.899902,"salário","2025-02-20 02:54:39","pendente"
618,349.483215,618,371.329987,"salário","2025-02-24 13:37:42","bloqueada"
931,374.362091,931,1155.800049,"corrente","2025-02-09 07:29:43","desbloqueada"
202,345.320984,202,3376.870117,"salário","2025-02-08 12:43:50","pendente"
750,401.683472,750,5991.430176,"poupança","2025-03-11 01:04:56","pendente"
407,327.036774,407,9787.349609,"salário","2025-02-23 03:47:20","pendente"
882,376.657288,882,2232.169922,"corrente","2025-01-20 12:39:36","desbloqueada"
299,333.619537,299,9014.730469,"corrente","2025-04-04 10:11:06","bloqueada"
625,359.198975,625,10774.400391,"salário","2025-02-21 13:28:08","desbloqueada"
572,404.941925,572,9080.700195,"corrente","2025-01-10 18:34:43","bloqueada"
49,346.099213,49,11476.570312,"corrente","2025-01-12 19:01:43","bloqueada"
372,320.401886,372,215.669998,"corrente","2025-04-02 22:02:52","bloqueada"
275,370.585205,275,11359.700195,"poupança","2025-03-20 19:23:57","bloqueada"
62,374.424164,62,147.949997,"salário","2025-01-28 14:06:21","desbloqueada"
178,348.825134,178,2743.949951,"poupança","2025-02-24 12:24:49","bloqueada"
859,331.842987,859,14951.410156,"poupança","2025-04-01 20:53:01","bloqueada"
197,386.677582,197,4824.649902,"poupança","2025-03-30 08:02:43","desbloqueada"
216,365.209686,216,4060.760010,"corrente","2025-03-30 11:52:19","pendente"
591,354.173309,591,5273.779785,"poupança","2025-02-22 15:26:48","desbloqueada"
395,352.098999,395,1774.300049,"salário","2025-03-29 18:08:09","pendente"
400,370.489471,400,9028.240234,"corrente","2025-03-20 00:23:36","bloqueada"
308,336.399780,308,11971.019531,"salário","2025-04-01 00:46:38","bloqueada"
892,392.727142,892,8615.530273,"corrente","2025-03-13 03:14:16","desbloqueada"
384,309.640900,384,2934.750000,"salário","2025-03-10 22:42:39","bloqueada"
911,382.520599,911,10961.370117,"salário","2025-02-07 21:29:30","pendente"
237,378.167389,237,7970.299805,"poupança","2025-03-21 02:15:38","bloqueada"
595,342.427856,595,10155.019531,"corrente","2025-01-01 17:49:27","desbloqueada"
485,375.252838,485,12577.900391,"poupança","2025-02-22 21:19:30","bloqueada"
938,356.007507,938,6112.259766,"corrente","2025-02-17 11:25:18","desbloqueada"
833,333.168243,833,2065.149902,"corrente","2025-01-26 11:26:13","desbloqueada"
402,349.166687,402,1762.859985,"poupança","2025-01-12 08:43:56","desbloqueada"
297,354.411774,297,14959.969727,"poupança","2025-01-30 12:17:48","pendente"
642,361.684662,642,11688.200195,"poupança","2025-03-24 17:25:42","bloqueada"
225,367.211700,225,9190.839844,"salário","2025-04-05 12:49:49","desbloqueada"
699,362.120941,699,230.070007,"poupança","2025-02-23 14:22:41","desbloqueada"
674,371.120331,674,10164.070312,"poupança","2025-03-04 11:45:42","desbloqueada"
778,352.423798,778,9407.349609,"corrente","2025-04-01 00:07:26","desbloqueada"
974,358.575714,974,13036.750000,"poupança","2025-03-08 20:25:59","pendente"
736,330.590851,736,8149.109863,"poupança","2025-01-21 01:18:24","pendente"
25,323.205475,25,4868.790039,"poupança","2025-02-18 11:10:14","desbloqueada"
496,345.872528,496,9894.860352,"corrente","2025-03-06 21:44:48","pendente"
310,333.666870,310,8738.250000,"salário","2025-02-14 04:39:36","pendente"
708,377.235077,708,4113.600098,"salário","2025-03-20 01:11:02","pendente"
505,343.319458,505,14749.049805,"corrente","2025-02-13 06:26:47","bloqueada"
720,351.845367,720,1588.869995,"corrente","2025-03-09 03:54:28","desbloqueada"
942,376.309113,942,2131.639893,"corrente","2025-03-07 19:20:10","desbloqueada"
758,322.199310,758,2261.889893,"corrente","2025-01-19 06:31:16","bloqueada"
184,363.298035,184,13181.450195,"salário","2025-03-01 11:45:14","pendente"
86,351.009857,86,1981.050049,"poupança","2025-01-31 19:11:18","pendente"
243,352.128967,243,7153.799805,"corrente","2025-02-20 23:17:25","pendente"
817,356.163635,817,2579.459961,"poupança","2025-03-01 17:37:27","desbloqueada"
678,339.911499,678,898.799988,"salário","2025-03-21 23:23:32","desbloqueada"
970,356.210663,970,12765.929688,"poupança","2025-02-09 08:17:22","pendente"
268,380.974091,268,6565.790039,"poupança","2025-01-20 15:20:20","bloqueada"
306,371.282776,306,6945.830078,"salário","2025-02-17 19:18:50","pendente"
432,339.019653,432,5645.870117,"poupança","2025-01-12 10:04:07","desbloqueada"
821,354.175568,821,10792.700195,"corrente","2025-02-10 21:10:29","pendente"
958,348.973511,958,2306.739990,"poupança","2025-02-02 21:08:25","pendente"
987,347.711273,987,1885.050049,"corrente","2025-01-21 14:59:55","pendente"
83,373.519958,83,8418.330078,"poupança","2025-02-19 17:35:41","bloqueada"
871,335.897583,871,8569.250000,"salário","2025-02-19 18:03:32","desbloqueada"
668,366.382812,668,6454.120117,"salário","2025-04-03 10:22:19","pendente"
436,329.587616,436,10468.809570,"corrente","2025-03-27 07:26:02","pendente"
128,351.141785,128,2320.729980,"poupança","2025-03-13 05:56:50","desbloqueada"
576,362.464111,576,6825.609863,"corrente","2025-03-15 02:47:20","desbloqueada"
577,357.860046,577,5764.319824,"corrente","2025-02-20 18:27:38","pendente"
848,370.705231,848,10864.839844,"corrente","2025-01-06 02:17:33","bloqueada"
13,349.811615,13,2840.399902,"poupança","2025-03-26 23:36:16","pendente"
207,370.084747,207,3008.550049,"salário","2025-01-13 22:37:45","desbloqueada"
220,348.783173,220,7115.509766,"poupança","2025-02-13 19:38:58","bloqueada"
376,347.535980,376,78.849998,"salário","2025-03-14 03:19:03","bloqueada"
111,366.634949,111,8318.730469,"salário","2025-03-11 10:59:58","pendente"
387,340.298676,387,3373.959961,"corrente","2025-01-05 08:35:18","desbloqueada"
534,345.902100,534,9461.000000,"salário","2025-01-25 15:49:32","desbloqueada"
187,387.072571,187,4238.549805,"poupança","2025-02-14 13:19:00","desbloqueada"
586,404.553375,586,2426.600098,"salário","2025-02-10 02:27:27","bloqueada"
966,358.480652,966,7567.629883,"salário","2025-02-22 18:21:24","bloqueada"
379,368.845642,379,9390.379883,"corrente","2025-04-01 19:08:55","pendente"
51,321.284790,51,14341.620117,"poupança","2025-03-18 17:04:22","pendente"
430,312.605743,430,6724.290039,"poupança","2025-03-13 17:53:47","bloqueada"
233,342.292877,233,8910.230469,"salário","2025-01-12 11:44:08","desbloqueada"
59,369.181152,59,3769.850098,"salário","2025-04-02 15:43:58","bloqueada"
328,314.468658,328,8120.959961,"corrente","2025-02-08 13:36:54","desbloqueada"
97,357.461395,97,3557.709961,"corrente","2025-03-08 23:32:18","pendente"
331,358.512421,331,1251.520020,"poupança","2025-02-12 14:07:03","bloqueada"
149,359.335510,149,5282.189941,"corrente","2025-01-13 23:04:56","pendente"
680,362.497162,680,9636.980469,"poupança","2025-01-21 11:24:53","bloqueada"
695,351.892639,695,12571.700195,"poupança","2025-02-26 22:21:07","pendente"
232,365.675018,232,1946.430054,"salário","2025-04-03 07:03:01","pendente"
896,339.157715,896,8207.740234,"poupança","2025-01-05 07:18:21","bloqueada"
52,351.282898,52,6503.200195,"poupança","2025-02-18 05:59:03","pendente"
137,384.320496,137,14476.719727,"poupança","2025-02-16 21:46:09","desbloqueada"
320,359.944031,320,11950.750000,"salário","2025-02-10 09:08:38","desbloqueada"
252,372.125732,252,9755.860352,"corrente","2025-01-05 02:21:03","bloqueada"
950,374.931793,950,11633.169922,"corrente","2025-03-16 00:23:07","desbloqueada"
571,350.896790,571,3066.639893,"poupança","2025-02-01 15:38:56","desbloqueada"
142,372.596710,142,10835.830078,"corrente","2025-03-15 00:15:00","pendente"
169,355.819733,169,7392.040039,"poupança","2025-02-01 19:45:40","pendente"
7,394.142151,7,1259.520020,"corrente","2025-01-17 07:51:12","pendente"
617,348.374542,617,2171.659912,"salário","2025-04-01 03:14:25","desbloqueada"
700,365.881287,700,7650.709961,"poupança","2025-01-23 07:45:13","pendente"
650,344.198273,650,789.960022,"salário","2025-02-27 09:42:58","desbloqueada"
948,339.050812,948,14313.610352,"corrente","2025-02-23 16:50:38","bloqueada"
687,359.227539,687,6176.529785,"corrente","2025-04-06 13:23:43","bloqueada"
212,330.599518,212,2121.469971,"corrente","2025-03-09 21:52:23","pendente"
727,322.600098,727,13582.940430,"salário","2025-02-26 11:49:15","pendente"
53,325.180450,53,14332.929688,"corrente","2025-04-04 19:33:23","desbloqueada"
258,336.266998,258,12536.139648,"poupança","2025-01-27 17:01:32","pendente"
284,340.081757,284,3365.489990,"poupança","2025-01-30 23:18:13","bloqueada"
684,354.895477,684,496.410004,"poupança","2025-03-14 19:13:03","pendente"
159,314.050049,159,13577.099609,"salário","2025-02-12 02:04:03","bloqueada"
539,349.808472,539,9846.349609,"poupança","2025-01-16 12:56:40","bloqueada"
918,366.692810,918,922.090027,"poupança","2025-03-18 23:38:50","pendente"
807,338.831726,807,11712.610352,"salário","2025-01-26 16:49:49","pendente"
986,343.495056,986,10892.799805,"corrente","2025-02-04 01:50:46","pendente"
198,341.356354,198,3339.820068,"poupança","2025-01-22 17:23:00","pendente"
605,353.968811,605,488.880005,"salário","2025-03-28 15:51:59","pendente"
734,313.348114,734,13018.660156,"poupança","2025-02-16 10:36:05","pendente"
825,380.111481,825,9125.480469,"poupança","2025-02-04 11:45:01","desbloqueada"
217,305.690247,217,6412.540039,"corrente","2025-04-02 13:25:38","desbloqueada"
312,323.640533,312,3676.379883,"corrente","2025-03-21 12:52:16","bloqueada"
40,363.017334,40,5474.060059,"corrente","2025-02-28 04:48:01","pendente"
17,366.514038,17,9194.209961,"corrente","2025-03-25 23:44:09","desbloqueada"
398,353.353760,398,4926.720215,"corrente","2025-01-23 17:13:13","desbloqueada"
38,349.652374,38,13172.959961,"corrente","2025-03-04 09:25:19","pendente"
335,342.624420,335,14743.030273,"poupança","2025-03-28 04:23:48","desbloqueada"
46,367.852936,46,13982.440430,"salário","2025-01-17 00:01:22","pendente"
604,404.445862,604,7362.520020,"poupança","2025-03-26 14:46:40","bloqueada"
831,351.177826,831,14652.780273,"poupança","2025-01-17 02:13:14","bloqueada"
361,356.736450,361,6617.069824,"corrente","2025-04-03 17:57:39","pendente"
93,335.125305,93,5189.250000,"corrente","2025-02-06 21:48:45","bloqueada"
264,345.081848,264,5464.270020,"salário","2025-02-17 14:55:19","desbloqueada"
386,353.449890,386,2412.929932,"salário","2025-02-15 11:13:10","bloqueada"
251,347.183838,251,10111.839844,"corrente","2025-02-11 08:57:11","pendente"
500,342.056915,500,3784.219971,"poupança","2025-04-06 17:27:32","pendente"
326,334.046265,326,14306.099609,"poupança","2025-04-06 17:15:27","pendente"
176,372.794891,176,5574.589844,"corrente","2025-02-27 15:13:38","bloqueada"
855,370.517517,855,1089.390015,"corrente","2025-03-03 07:24:18","bloqueada"
926,360.546417,926,5062.290039,"poupança","2025-02-16 03:56:15","desbloqueada"
5,357.692230,5,2022.339966,"salário","2025-02-12 21:17:30","bloqueada"
92,406.386993,92,3072.939941,"corrente","2025-04-01 23:58:35","desbloqueada"
356,346.188171,356,1781.920044,"poupança","2025-01-30 12:54:19","desbloqueada"
738,338.976624,738,5829.879883,"corrente","2025-01-27 02:11:24","desbloqueada"
103,401.245056,103,12919.889648,"salário","2025-01-20 22:49:39","bloqueada"
315,362.079468,315,10399.110352,"corrente","2025-02-08 00:46:06","desbloqueada"
316,389.213318,316,6624.479980,"corrente","2025-01-17 03:32:07","desbloqueada"
907,367.369324,907,13742.419922,"salário","2025-02-18 00:27:30","pendente"
479,383.142029,479,11583.120117,"corrente","2025-02-15 06:45:09","desbloqueada"
531,366.624054,531,13954.339844,"poupança","2025-03-03 05:28:49","bloqueada"
468,365.200836,468,14451.549805,"poupança","2025-03-07 00:25:46","pendente"
404,354.016449,404,8968.139648,"corrente","2025-01-11 00:04:28","bloqueada"
540,343.263428,540,5103.709961,"salário","2025-04-02 06:53:34","bloqueada"
69,333.283142,69,13542.480469,"salário","2025-03-15 04:07:15","bloqueada"
547,362.474976,547,14162.759766,"salário","2025-01-06 06:55:55","bloqueada"
239,386.512939,239,5084.419922,"poupança","2025-02-10 14:05:28","bloqueada"
338,364.387726,338,4798.669922,"salário","2025-03-25 04:38:23","desbloqueada"
802,319.037689,802,9390.339844,"poupança","2025-03-29 00:03:33","pendente"
964,345.800385,964,5520.930176,"salário","2025-02-15 09:40:08","desbloqueada"
421,384.281494,421,7091.790039,"salário","2025-03-30 02:05:00","bloqueada"
50,360.455597,50,13752.879883,"corrente","2025-01-26 13:39:16","desbloqueada"
211,356.775696,211,11745.379883,"poupança","2025-02-02 15:16:53","bloqueada"
19,343.549194,19,14980.089844,"poupança","2025-01-13 07:55:09","pendente"
118,391.892426,118,8705.320312,"salário","2025-01-20 10:42:45","pendente"
185,343.784241,185,7476.870117,"salário","2025-02-14 22:50:29","pendente"
953,353.664490,953,11038.490234,"poupança","2025-02-07 11:28:42","desbloqueada"
536,357.541870,536,7354.129883,"corrente","2025-04-05 08:25:16","pendente"
358,368.551666,358,6051.950195,"corrente","2025-01-28 01:50:29","desbloqueada"
140,342.802582,140,6443.080078,"salário","2025-01-15 05:31:21","desbloqueada"
260,410.406281,260,255.110001,"salário","2025-01-19 09:47:23","desbloqueada"
648,386.532867,648,8674.150391,"corrente","2025-01-21 17:49:12","pendente"
401,320.264191,401,6299.689941,"poupança","2025-01-11 16:34:26","desbloqueada"
117,398.195831,117,14965.690430,"salário","2025-02-01 01:46:27","desbloqueada"
655,326.824158,655,1280.239990,"salário","2025-02-19 02:22:31","pendente"
887,358.019562,887,3400.979980,"salário","2025-04-05 12:41:16","pendente"
15,328.663391,15,10073.209961,"corrente","2025-01-01 12:23:27","bloqueada"
683,332.042328,683,6552.160156,"corrente","2025-02-07 18:21:06","bloqueada"
761,329.210327,761,8923.219727,"corrente","2025-01-24 03:51:28","desbloqueada"
751,340.025818,751,11175.349609,"salário","2025-01-15 12:59:47","pendente"
290,357.493225,290,10713.709961,"salário","2025-04-02 10:54:01","desbloqueada"
366,366.240204,366,3857.659912,"poupança","2025-02-06 00:14:35","bloqueada"
36,313.346405,36,292.839996,"corrente","2025-03-13 14:20:17","bloqueada"
665,332.173370,665,5798.720215,"corrente","2025-03-18 08:23:34","desbloqueada"
976,385.624481,976,13091.440430,"salário","2025-01-30 19:31:51","bloqueada"
782,341.269196,782,8024.009766,"corrente","2025-02-03 03:12:51","desbloqueada"
343,351.277863,343,2748.969971,"salário","2025-02-22 05:40:19","desbloqueada"
811,373.117798,811,12958.589844,"poupança","2025-04-06 08:48:24","desbloqueada"
21,338.439697,21,8238.309570,"poupança","2025-03-02 07:26:54","desbloqueada"
138,377.307281,138,4177.890137,"salário","2025-01-14 15:45:44","pendente"
747,337.159851,747,6540.250000,"corrente","2025-03-23 18:29:16","pendente"
969,342.807190,969,11100.049805,"salário","2025-02-11 01:39:07","pendente"
71,341.865479,71,7011.470215,"salário","2025-01-13 07:18:19","pendente"
336,347.545776,336,7744.660156,"salário","2025-02-05 06:36:15","desbloqueada"
79,371.780487,79,3769.159912,"corrente","2025-01-18 01:08:57","bloqueada"
182,323.964417,182,13231.959961,"corrente","2025-01-19 00:22:34","desbloqueada"
920,354.130798,920,3786.919922,"salário","2025-02-22 22:14:07","bloqueada"
409,383.694031,409,11411.879883,"salário","2025-02-05 19:35:32","pendente"
438,376.075287,438,5778.819824,"poupança","2025-03-23 03:15:37","desbloqueada"
363,354.520996,363,11881.559570,"corrente","2025-01-19 13:00:58","pendente"
857,350.389099,857,2085.280029,"poupança","2025-01-31 18:19:28","desbloqueada"
108,341.393127,108,9222.549805,"poupança","2025-03-14 12:10:05","bloqueada"
26,395.478790,26,4747.919922,"poupança","2025-01-29 21:00:43","bloqueada"
930,340.941864,930,8998.790039,"corrente","2025-02-10 08:23:44","bloqueada"
914,365.650360,914,3094.239990,"corrente","2025-03-27 03:16:31","pendente"
339,334.824860,339,11207.610352,"corrente","2025-03-02 20:28:51","desbloqueada"
923,340.864746,923,4560.560059,"corrente","2025-02-27 06:49:02","desbloqueada"
809,370.588684,809,3601.639893,"salário","2025-03-08 08:44:46","pendente"
153,316.432892,153,14622.290039,"corrente","2025-02-20 09:00:53","pendente"
924,341.398804,924,10044.540039,"salário","2025-01-04 23:27:42","desbloqueada"
810,372.092651,810,13106.599609,"poupança","2025-01-10 07:36:45","bloqueada"
880,319.707977,880,3540.629883,"corrente","2025-01-21 23:58:58","desbloqueada"
125,343.196533,125,10266.230469,"poupança","2025-02-25 10:04:17","bloqueada"
276,365.192780,276,11120.809570,"salário","2025-01-31 08:12:40","bloqueada"
696,359.375214,696,10109.280273,"poupança","2025-02-17 11:31:49","pendente"
146,386.205688,146,3548.050049,"salário","2025-01-17 12:41:10","pendente"
449,335.307465,449,7760.910156,"salário","2025-01-29 20:34:35","desbloqueada"
32,355.160309,32,14316.169922,"corrente","2025-02-22 05:04:12","desbloqueada"
250,373.613312,250,5039.950195,"corrente","2025-02-01 18:05:02","desbloqueada"
994,329.215210,994,12379.059570,"corrente","2025-02-25 01:04:20","pendente"
341,351.272827,341,13990.790039,"salário","2025-02-21 07:52:38","pendente"
672,360.154175,672,675.400024,"salário","2025-02-22 19:56:18","bloqueada"
763,361.463745,763,14669.879883,"corrente","2025-02-26 20:07:33","desbloqueada"
872,383.352478,872,11170.179688,"corrente","2025-02-18 17:55:42","pendente"
533,339.529999,533,12547.530273,"poupança","2025-01-08 08:16:20","desbloqueada"
905,371.152100,905,2238.750000,"poupança","2025-02-25 13:14:26","pendente"
455,379.607391,455,5122.740234,"poupança","2025-01-18 02:56:53","bloqueada"
73,388.357635,73,6936.959961,"salário","2025-01-31 19:45:11","bloqueada"
221,360.082153,221,420.440002,"salário","2025-02-01 09:55:18","desbloqueada"
161,352.989777,161,11756.700195,"corrente","2025-01-01 19:42:22","desbloqueada"
143,347.105713,143,6575.259766,"poupança","2025-04-05 01:25:10","pendente"
453,351.376160,453,8503.019531,"salário","2025-03-24 02:48:52","pendente"
34,326.664032,34,5527.339844,"poupança","2025-03-22 17:10:55","pendente"
614,357.051025,614,12920.259766,"poupança","2025-01-02 10:58:13","bloqueada"
522,370.596130,522,7366.799805,"poupança","2025-03-27 06:03:02","desbloqueada"
42,381.516510,42,14104.129883,"corrente","2025-02-19 18:54:37","bloqueada"
144,339.994171,144,13737.780273,"corrente","2025-02-27 14:33:16","bloqueada"
581,348.558044,581,3424.409912,"corrente","2025-02-23 12:27:01","bloqueada"
711,367.951935,711,10813.379883,"poupança","2025-03-11 07:32:25","desbloqueada"
851,327.924774,851,6313.740234,"salário","2025-02-27 09:28:24","pendente"
675,322.086639,675,3672.850098,"corrente","2025-01-06 11:12:12","bloqueada"
889,339.056335,889,11231.889648,"corrente","2025-01-11 07:56:20","desbloqueada"
470,350.631592,470,4239.709961,"salário","2025-01-31 06:25:05","desbloqueada"
324,394.592163,324,9416.080078,"salário","2025-03-29 22:00:49","bloqueada"
657,355.177673,657,4108.839844,"poupança","2025-02-22 20:48:02","desbloqueada"
119,377.520630,119,5862.490234,"corrente","2025-03-28 19:12:25","desbloqueada"
707,372.785065,707,3261.439941,"corrente","2025-02-27 22:59:16","bloqueada"
294,403.660156,294,4622.240234,"corrente","2025-01-03 02:24:22","pendente"
765,344.184235,765,11502.030273,"salário","2025-01-18 03:04:44","pendente"
507,363.524475,507,3033.770020,"poupança","2025-01-29 22:38:30","pendente"
961,351.467621,961,10390.980469,"corrente","2025-02-12 12:26:45","pendente"
474,359.669952,474,5967.040039,"salário","2025-04-05 16:54:39","desbloqueada"
269,395.705109,269,12407.750000,"corrente","2025-02-16 01:40:54","desbloqueada"
721,312.998474,721,6145.189941,"poupança","2025-03-10 04:56:02","pendente"
484,365.442322,484,11264.209961,"salário","2025-02-20 14:35:49","pendente"
330,349.687958,330,3174.860107,"corrente","2025-01-12 22:59:20","pendente"
717,387.995697,717,12736.450195,"corrente","2025-03-16 15:28:29","desbloqueada"
628,337.531006,628,12624.570312,"corrente","2025-01-26 05:09:01","bloqueada"
760,366.619659,760,14828.700195,"poupança","2025-01-13 00:56:31","desbloqueada"
932,382.092255,932,3408.500000,"poupança","2025-02-02 22:45:03","desbloqueada"
406,351.976044,406,8631.169922,"salário","2025-03-04 11:55:57","bloqueada"
390,360.155701,390,2948.989990,"salário","2025-03-11 12:58:27","pendente"
410,392.796112,410,2409.810059,"salário","2025-03-24 17:17:15","bloqueada"
313,346.229004,313,12180.599609,"poupança","2025-02-27 17:14:15","bloqueada"
231,368.054871,231,9997.120117,"poupança","2025-01-19 12:46:09","pendente"
27,355.578400,27,8870.219727,"poupança","2025-02-25 14:40:51","desbloqueada"
793,345.167847,793,2423.159912,"poupança","2025-01-25 14:48:30","bloqueada"
305,338.045135,305,9836.450195,"corrente","2025-01-08 08:44:21","pendente"
493,310.265198,493,13673.080078,"poupança","2025-01-11 22:31:10","bloqueada"
152,380.831818,152,2661.530029,"salário","2025-03-14 14:57:28","pendente"
580,344.253601,580,2922.139893,"poupança","2025-03-21 22:08:05","bloqueada"
588,321.043640,588,3935.550049,"poupança","2025-01-28 09:34:04","pendente"
337,345.202881,337,3212.659912,"poupança","2025-02-21 17:57:53","bloqueada"
99,396.807434,99,12124.730469,"corrente","2025-02-19 21:01:21","desbloqueada"
902,350.372711,902,4887.240234,"poupança","2025-03-20 15:34:22","desbloqueada"
785,346.230011,785,8206.540039,"poupança","2025-02-10 22:53:30","desbloqueada"
472,336.535522,472,8388.139648,"corrente","2025-03-13 12:21:51","bloqueada"
116,336.399139,116,1723.369995,"poupança","2025-01-16 19:50:09","desbloqueada"
794,371.939514,794,11051.599609,"poupança","2025-02-21 19:18:51","bloqueada"
627,370.034698,627,5863.169922,"salário","2025-02-03 14:00:18","bloqueada"
224,362.647034,224,7506.209961,"poupança","2025-03-16 08:43:50","desbloqueada"
598,384.412781,598,10897.629883,"corrente","2025-02-07 01:29:50","bloqueada"
279,358.211090,279,10088.219727,"salário","2025-02-01 11:00:57","bloqueada"
515,386.998962,515,12425.769531,"corrente","2025-01-28 01:20:00","bloqueada"
95,353.414642,95,12391.759766,"poupança","2025-01-18 02:31:52","desbloqueada"
960,336.227966,960,1963.920044,"poupança","2025-01-17 23:04:40","desbloqueada"
155,361.761108,155,11351.150391,"corrente","2025-03-18 00:51:21","desbloqueada"
952,349.441528,952,12297.959961,"poupança","2025-01-02 20:38:47","desbloqueada"
481,341.363678,481,1996.089966,"corrente","2025-03-31 13:55:39","desbloqueada"
768,352.718567,768,9435.240234,"corrente","2025-04-04 13:22:22","pendente"
340,350.159821,340,3071.929932,"poupança","2025-03-29 19:37:28","bloqueada"
307,335.754333,307,6153.490234,"corrente","2025-01-16 05:43:37","desbloqueada"
718,391.639130,718,13247.040039,"salário","2025-02-05 13:06:17","desbloqueada"
688,395.261749,688,8835.089844,"poupança","2025-02-20 14:09:08","desbloqueada"
489,323.523193,489,4669.259766,"salário","2025-03-02 20:04:38","desbloqueada"
574,353.706238,574,12868.480469,"salário","2025-02-24 06:52:29","pendente"
417,363.487671,417,248.990005,"poupança","2025-01-13 21:46:27","pendente"
770,342.228241,770,2139.800049,"poupança","2025-01-05 09:01:09","bloqueada"
826,354.865051,826,7167.270020,"corrente","2025-01-22 23:15:41","pendente"
888,371.653687,888,13846.230469,"poupança","2025-04-05 21:30:21","bloqueada"
883,341.805206,883,12237.019531,"poupança","2025-03-27 15:59:39","desbloqueada"
706,360.612976,706,1460.209961,"corrente","2025-02-11 19:08:51","desbloqueada"
464,366.959412,464,10557.219727,"poupança","2025-03-26 01:06:06","pendente"
191,342.097504,191,13938.549805,"salário","2025-04-04 03:35:49","pendente"
172,347.679260,172,3353.389893,"salário","2025-01-25 16:32:40","bloqueada"
844,340.340393,844,909.859985,"corrente","2025-02-21 17:53:29","pendente"
616,381.837128,616,13726.599609,"poupança","2025-01-14 05:26:07","desbloqueada"
349,343.201019,349,12952.370117,"salário","2025-01-11 00:28:52","bloqueada"
569,345.624664,569,10846.469727,"corrente","2025-03-13 09:31:45","bloqueada"
351,355.134430,351,3465.399902,"salário","2025-02-22 04:38:46","pendente"
319,346.130737,319,10340.830078,"poupança","2025-01-30 23:42:27","bloqueada"
954,405.408478,954,6375.310059,"corrente","2025-03-31 03:27:44","desbloqueada"
548,387.179535,548,14001.330078,"salário","2025-03-27 14:41:57","pendente"
248,353.234009,248,12792.919922,"salário","2025-02-05 00:38:46","desbloqueada"
265,370.662170,265,12786.429688,"salário","2025-02-28 10:27:15","bloqueada"
776,367.702942,776,12712.320312,"poupança","2025-01-13 02:07:35","pendente"
201,347.810974,201,4881.350098,"salário","2025-03-02 06:11:24","pendente"
218,368.416779,218,12290.690430,"corrente","2025-03-24 05:32:31","bloqueada"
850,359.047821,850,1381.420044,"corrente","2025-03-08 19:44:08","bloqueada"
849,346.254028,849,4642.560059,"poupança","2025-02-01 11:10:53","bloqueada"
199,384.028473,199,12236.959961,"corrente","2025-03-08 06:22:59","bloqueada"
240,341.013611,240,899.609985,"corrente","2025-03-29 15:46:11","bloqueada"
486,360.626190,486,6458.930176,"salário","2025-01-16 16:44:32","bloqueada"
784,334.267761,784,6455.970215,"corrente","2025-01-20 23:30:31","pendente"
444,315.845764,444,10428.120117,"poupança","2025-01-29 11:32:07","bloqueada"
613,346.084961,613,3043.270020,"poupança","2025-01-12 12:55:48","pendente"
937,348.124939,937,6135.859863,"poupança","2025-03-05 04:35:59","bloqueada"
473,372.551849,473,12809.250000,"poupança","2025-03-04 15:36:06","desbloqueada"
84,371.494507,84,12392.679688,"corrente","2025-01-12 10:42:16","desbloqueada"
925,322.263092,925,184.139999,"corrente","2025-01-09 12:21:57","bloqueada"
525,376.437469,525,13038.889648,"corrente","2025-03-06 14:16:49","bloqueada"
868,346.002136,868,858.039978,"salário","2025-01-11 15:07:54","bloqueada"
394,347.941772,394,11769.040039,"salário","2025-01-01 01:05:49","desbloqueada"
644,349.682831,644,14649.230469,"poupança","2025-02-22 02:32:54","bloqueada"
219,344.372253,219,13450.530273,"corrente","2025-03-13 20:29:06","bloqueada"
434,345.119141,434,10448.330078,"salário","2025-03-17 11:12:41","desbloqueada"
927,371.757568,927,509.630005,"poupança","2025-03-26 05:03:58","pendente"
733,377.335785,733,4000.620117,"corrente","2025-03-13 03:40:43","pendente"
903,327.341766,903,2304.020020,"poupança","2025-03-05 17:47:21","desbloqueada"
814,352.100250,814,12466.009766,"corrente","2025-01-05 05:33:16","desbloqueada"
501,392.750183,501,1974.699951,"salário","2025-02-16 10:10:16","desbloqueada"
956,358.719147,956,1396.969971,"salário","2025-01-08 21:20:46","desbloqueada"
177,336.895905,177,9015.950195,"salário","2025-01-30 19:51:52","desbloqueada"
941,368.791138,941,6275.029785,"poupança","2025-01-28 00:05:03","pendente"
955,382.459747,955,4782.100098,"corrente","2025-03-29 08:28:23","bloqueada"
919,343.227539,919,10342.820312,"corrente","2025-02-09 10:21:49","pendente"
921,381.760345,921,12440.549805,"corrente","2025-03-02 00:28:56","desbloqueada"
542,374.267090,542,13775.030273,"corrente","2025-02-26 07:22:25","bloqueada"
377,386.279297,377,3625.860107,"corrente","2025-02-03 05:23:15","bloqueada"
730,331.449921,730,12567.900391,"salário","2025-01-27 19:52:45","bloqueada"
105,345.867462,105,147.750000,"corrente","2025-01-24 00:21:59","desbloqueada"
832,363.159698,832,5623.149902,"poupança","2025-02-27 04:55:57","pendente"
195,344.725067,195,12845.919922,"corrente","2025-04-02 16:16:26","desbloqueada"
72,366.375275,72,4903.270020,"corrente","2025-01-21 19:03:52","pendente"
304,388.506531,304,9352.969727,"corrente","2025-03-11 11:41:38","bloqueada"
262,331.354462,262,3265.520020,"poupança","2025-01-14 16:07:21","bloqueada"
803,375.979187,803,14857.849609,"salário","2025-02-20 08:18:59","desbloqueada"
666,381.025635,666,13140.110352,"corrente","2025-03-14 09:53:41","bloqueada"
816,370.335663,816,960.919983,"corrente","2025-03-23 11:07:08","desbloqueada"
88,377.851562,88,1366.670044,"salário","2025-03-09 18:18:03","pendente"
156,380.262054,156,8641.219727,"poupança","2025-03-19 13:08:11","pendente"
134,368.145569,134,8152.509766,"poupança","2025-03-07 19:38:13","pendente"
671,368.275116,671,8224.849609,"salário","2025-03-31 20:31:19","pendente"
1,305.330994,1,2288.560059,"poupança","2025-01-21 22:46:35","pendente"
369,366.335419,369,6686.319824,"salário","2025-02-03 14:31:15","desbloqueada"
90,330.596436,90,8698.379883,"poupança","2025-03-19 19:36:16","bloqueada"
575,353.855743,575,14567.799805,"poupança","2025-03-06 09:19:10","bloqueada"
968,365.613678,968,4348.370117,"salário","2025-01-08 15:27:35","pendente"
791,391.803680,791,75.570000,"poupança","2025-02-22 18:25:47","desbloqueada"
715,347.610046,715,5493.160156,"salário","2025-02-09 23:36:19","desbloqueada"
101,380.208313,101,11800.339844,"corrente","2025-01-09 01:22:45","desbloqueada"
461,332.979126,461,8904.320312,"poupança","2025-01-04 02:53:30","pendente"
532,346.813416,532,145.500000,"salário","2025-02-18 09:23:43","bloqueada"
513,355.268921,513,7779.649902,"salário","2025-03-29 12:31:28","pendente"
139,346.219360,139,6084.899902,"poupança","2025-03-03 03:16:28","pendente"
427,375.279144,427,28.700001,"corrente","2025-01-22 00:35:31","pendente"
593,325.875092,593,11455.910156,"corrente","2025-02-23 19:09:06","bloqueada"
85,357.545319,85,4121.830078,"corrente","2025-04-05 03:33:15","bloqueada"
854,342.982788,854,7100.100098,"poupança","2025-01-10 08:48:00","desbloqueada"
447,355.851898,447,2212.850098,"poupança","2025-02-26 17:58:45","bloqueada"
122,381.404816,122,8506.269531,"poupança","2025-01-10 04:58:43","desbloqueada"
890,346.896606,890,10919.509766,"corrente","2025-03-16 12:05:17","pendente"
151,344.126678,151,13428.860352,"corrente","2025-03-30 15:55:56","desbloqueada"
227,354.208099,227,10482.259766,"salário","2025-03-13 02:23:04","desbloqueada"
423,346.605347,423,14153.690430,"salário","2025-03-19 03:17:56","desbloqueada"
828,365.404205,828,5276.649902,"poupança","2025-01-15 10:08:40","desbloqueada"
230,367.905090,230,6257.229980,"poupança","2025-01-04 23:02:43","pendente"
63,408.665131,63,1069.420044,"poupança","2025-03-22 11:27:12","desbloqueada"
590,340.395538,590,5752.439941,"corrente","2025-01-19 20:44:57","bloqueada"
509,368.997742,509,4703.759766,"poupança","2025-03-28 22:24:49","desbloqueada"
557,382.625854,557,12886.709961,"corrente","2025-03-24 01:17:02","bloqueada"
998,357.049103,998,1996.880005,"poupança","2025-01-04 14:08:52","bloqueada"
929,361.412292,929,11367.320312,"corrente","2025-03-15 11:45:07","desbloqueada"
842,338.679657,842,3219.820068,"poupança","2025-03-15 21:07:55","bloqueada"
47,356.860565,47,406.089996,"poupança","2025-01-27 10:10:17","desbloqueada"
546,333.092072,546,1600.619995,"salário","2025-01-10 23:47:54","pendente"
74,333.323090,74,12223.240234,"corrente","2025-01-29 04:26:58","bloqueada"
132,338.717499,132,7719.399902,"salário","2025-01-18 08:06:13","bloqueada"
893,368.838409,893,9598.070312,"corrente","2025-04-02 13:42:37","bloqueada"
863,376.058350,863,5424.209961,"corrente","2025-02-03 06:07:18","bloqueada"
96,361.941559,96,1104.819946,"corrente","2025-04-05 20:54:46","desbloqueada"
263,387.815430,263,7913.540039,"salário","2025-02-05 04:12:47","pendente"
61,324.921600,61,9329.679688,"corrente","2025-03-26 18:53:03","bloqueada"
238,387.427155,238,8917.870117,"corrente","2025-03-05 04:12:13","desbloqueada"
753,350.326202,753,13227.049805,"corrente","2025-03-31 12:29:20","desbloqueada"
491,368.565216,491,6261.290039,"poupança","2025-03-20 07:20:29","bloqueada"
897,335.094788,897,1447.319946,"poupança","2025-03-01 19:37:15","pendente"
957,374.786804,957,1459.729980,"corrente","2025-02-01 09:52:28","bloqueada"
691,384.254059,691,2608.129883,"corrente","2025-01-07 08:28:23","pendente"
681,321.572937,681,6595.839844,"salário","2025-01-14 19:15:23","pendente"
767,368.586121,767,10115.080078,"corrente","2025-02-15 15:52:15","bloqueada"
192,367.126678,192,6150.439941,"poupança","2025-01-17 08:00:30","pendente"
713,383.182770,713,3351.500000,"corrente","2025-04-06 01:03:21","pendente"
385,355.831848,385,3729.760010,"salário","2025-03-14 15:37:49","desbloqueada"
249,299.080505,249,12191.669922,"poupança","2025-01-22 05:34:00","pendente"
975,377.408813,975,8500.320312,"poupança","2025-01-07 11:44:39","desbloqueada"
704,327.408386,704,8961.209961,"corrente","2025-02-18 03:56:35","pendente"
724,351.717712,724,12638.519531,"salário","2025-03-13 04:02:24","desbloqueada"
813,367.570801,813,5612.410156,"poupança","2025-03-09 15:12:34","pendente"
647,340.687805,647,5448.790039,"corrente","2025-02-13 02:36:50","bloqueada"
353,336.739594,353,13009.839844,"corrente","2025-01-11 01:36:58","bloqueada"
