customer_id,account_id,current_balance,account_type,opening_date,account_status
0,0,12088.68,poupança,2025-02-10 06:14:19,bloqueada
1,1,2288.56,poupança,2025-01-21 22:46:35,pendente
2,2,10362.63,poupança,2025-02-01 10:57:40,desbloqueada
3,3,6419.35,salário,2025-03-28 04:59:44,bloqueada
4,4,7236.44,poupança,2025-01-21 12:59:10,bloqueada
5,5,2022.34,salário,2025-02-12 21:17:30,bloqueada
6,6,5071.66,salário,2025-02-02 07:01:03,desbloqueada
7,7,1259.52,corrente,2025-01-17 07:51:12,pendente
8,8,1338.93,salário,2025-01-20 06:37:21,desbloqueada
9,9,11474.2,corrente,2025-02-17 11:05:50,bloqueada
10,10,4695.7,salário,2025-04-04 22:43:35,desbloqueada
11,11,1387.57,salário,2025-02-24 08:12:35,pendente
12,12,4675.44,corrente,2025-02-27 12:26:48,bloqueada
13,13,2840.4,poupança,2025-03-26 23:36:16,pendente
14,14,10580.62,poupança,2025-02-16 06:58:38,bloqueada
15,15,10073.21,corrente,2025-01-01 12:23:27,bloqueada
16,16,3883.87,corrente,2025-03-15 10:33:02,pendente
17,17,9194.21,corrente,2025-03-25 23:44:09,desbloqueada
18,18,14181.99,poupança,2025-02-02 18:55:18,pendente
19,19,14980.09,poupança,2025-01-13 07:55:09,pendente
20,20,10551.36,salário,2025-02-18 14:53:10,desbloqueada
21,21,8238.31,poupança,2025-03-02 07:26:54,desbloqueada
22,22,7477.93,poupança,2025-01-19 05:27:02,pendente
23,23,10027.09,poupança,2025-01-25 05:51:51,pendente
24,24,14506.01,corrente,2025-01-29 23:27:44,pendente
25,25,4868.79,poupança,2025-02-18 11:10:14,desbloqueada
26,26,4747.92,poupança,2025-01-29 21:00:43,bloqueada
27,27,8870.22,poupança,2025-02-25 14:40:51,desbloqueada
28,28,4528.52,poupança,2025-03-06 12:29:50,desbloqueada
29,29,8610.35,corrente,2025-01-03 18:19:40,pendente
30,30,2168.69,salário,2025-03-26 19:39:09,bloqueada
31,31,11908.47,salário,2025-02-05 04:30:36,desbloqueada
32,32,14316.17,corrente,2025-02-22 05:04:12,desbloqueada
33,33,12317.25,corrente,2025-03-19 00:19:41,bloqueada
34,34,5527.34,poupança,2025-03-22 17:10:55,pendente
35,35,13089.54,corrente,2025-03-19 05:08:08,desbloqueada
36,36,292.84,corrente,2025-03-13 14:20:17,bloqueada
37,37,6735.73,poupança,2025-02-18 03:46:14,pendente
38,38,13172.96,corrente,2025-03-04 09:25:19,pendente
39,39,277.79,poupança,2025-03-18 19:03:07,desbloqueada
40,40,5474.06,corrente,2025-02-28 04:48:01,pendente
41,41,3618.35,poupança,2025-01-02 01:13:05,desbloqueada
42,42,14104.13,corrente,2025-02-19 18:54:37,bloqueada
43,43,3218.77,corrente,2025-02-09 12:56:13,pendente
44,44,955.98,corrente,2025-01-09 05:35:33,pendente
45,45,5480.82,poupança,2025-03-21 07:41:25,bloqueada
46,46,13982.44,salário,2025-01-17 00:01:22,pendente
47,47,406.09,poupança,2025-01-27 10:10:17,desbloqueada
48,48,4067.66,salário,2025-01-02 10:16:09,desbloqueada
49,49,11476.57,corrente,2025-01-12 19:01:43,bloqueada
50,50,13752.88,corrente,2025-01-26 13:39:16,desbloqueada
51,51,14341.62,poupança,2025-03-18 17:04:22,pendente
52,52,6503.2,poupança,2025-02-18 05:59:03,pendente
53,53,14332.93,corrente,2025-04-04 19:33:23,desbloqueada
54,54,865.22,salário,2025-02-25 19:52:58,desbloqueada
55,55,14327.67,corrente,2025-01-06 11:40:26,desbloqueada
56,56,3403.47,salário,2025-03-31 02:30:33,pendente
57,57,10682.12,poupança,2025-02-14 04:21:04,desbloqueada
58,58,10889.45,poupança,2025-03-13 09:07:41,pendente
59,59,3769.85,salário,2025-04-02 15:43:58,bloqueada
60,60,14178.47,poupança,2025-02-04 03:36:17,bloqueada
61,61,9329.68,corrente,2025-03-26 18:53:03,bloqueada
62,62,147.95,salário,2025-01-28 14:06:21,desbloqueada
63,63,1069.42,poupança,2025-03-22 11:27:12,desbloqueada
64,64,3079.69,salário,2025-02-15 16:54:33,bloqueada
65,65,11396.24,salário,2025-02-21 02:44:16,desbloqueada
66,66,14288.31,poupança,2025-01-04 17:29:05,desbloqueada
67,67,10399.56,poupança,2025-03-12 01:52:51,bloqueada
68,68,5075.04,poupança,2025-04-02 23:04:10,bloqueada
69,69,13542.48,salário,2025-03-15 04:07:15,bloqueada
70,70,8652.73,salário,2025-02-20 18:50:09,bloqueada
71,71,7011.47,salário,2025-01-13 07:18:19,pendente
72,72,4903.27,corrente,2025-01-21 19:03:52,pendente
73,73,6936.96,salário,2025-01-31 19:45:11,bloqueada
74,74,12223.24,corrente,2025-01-29 04:26:58,bloqueada
75,75,7000.98,poupança,2025-01-16 16:53:31,bloqueada
76,76,10887.54,poupança,2025-01-21 08:15:13,desbloqueada
77,77,1494.08,corrente,2025-02-10 08:29:39,pendente
78,78,740.88,poupança,2025-02-16 18:06:00,desbloqueada
79,79,3769.16,corrente,2025-01-18 01:08:57,bloqueada
80,80,8172.8,salário,2025-02-24 16:13:32,pendente
81,81,12723.0,salário,2025-04-01 10:05:10,bloqueada
82,82,13033.26,corrente,2025-01-11 14:22:48,desbloqueada
83,83,8418.33,poupança,2025-02-19 17:35:41,bloqueada
84,84,12392.68,corrente,2025-01-12 10:42:16,desbloqueada
85,85,4121.83,corrente,2025-04-05 03:33:15,bloqueada
86,86,1981.05,poupança,2025-01-31 19:11:18,pendente
87,87,14218.01,salário,2025-02-10 19:03:50,desbloqueada
88,88,1366.67,salário,2025-03-09 18:18:03,pendente
89,89,12309.98,poupança,2025-03-31 21:48:11,pendente
90,90,8698.38,poupança,2025-03-19 19:36:16,bloqueada
91,91,11462.31,poupança,2025-01-14 06:04:24,pendente
92,92,3072.94,corrente,2025-04-01 23:58:35,desbloqueada
93,93,5189.25,corrente,2025-02-06 21:48:45,bloqueada
94,94,5596.49,corrente,2025-02-27 20:08:02,pendente
95,95,12391.76,poupança,2025-01-18 02:31:52,desbloqueada
96,96,1104.82,corrente,2025-04-05 20:54:46,desbloqueada
97,97,3557.71,corrente,2025-03-08 23:32:18,pendente
98,98,7884.69,corrente,2025-01-15 10:28:56,bloqueada
99,99,12124.73,corrente,2025-02-19 21:01:21,desbloqueada
100,100,10504.15,salário,2025-03-28 17:36:31,desbloqueada
101,101,11800.34,corrente,2025-01-09 01:22:45,desbloqueada
102,102,8919.44,corrente,2025-03-29 12:35:08,pendente
103,103,12919.89,salário,2025-01-20 22:49:39,bloqueada
104,104,5139.69,poupança,2025-01-03 13:42:22,bloqueada
105,105,147.75,corrente,2025-01-24 00:21:59,desbloqueada
106,106,13045.79,corrente,2025-03-16 17:14:20,desbloqueada
107,107,7138.48,poupança,2025-03-15 06:57:33,pendente
108,108,9222.55,poupança,2025-03-14 12:10:05,bloqueada
109,109,8372.9,poupança,2025-03-11 13:13:42,pendente
110,110,4555.4,corrente,2025-03-07 09:34:10,desbloqueada
111,111,8318.73,salário,2025-03-11 10:59:58,pendente
112,112,2747.0,corrente,2025-03-28 03:06:48,bloqueada
113,113,73.69,poupança,2025-01-03 06:00:41,bloqueada
114,114,9921.23,poupança,2025-02-25 11:06:08,bloqueada
115,115,12606.89,salário,2025-02-02 21:19:06,bloqueada
116,116,1723.37,poupança,2025-01-16 19:50:09,desbloqueada
117,117,14965.69,salário,2025-02-01 01:46:27,desbloqueada
118,118,8705.32,salário,2025-01-20 10:42:45,pendente
119,119,5862.49,corrente,2025-03-28 19:12:25,desbloqueada
120,120,13751.08,poupança,2025-02-22 16:20:59,pendente
121,121,12.19,poupança,2025-02-08 20:58:54,bloqueada
122,122,8506.27,poupança,2025-01-10 04:58:43,desbloqueada
123,123,9333.94,salário,2025-03-04 06:17:04,pendente
124,124,5091.57,corrente,2025-02-04 21:50:28,desbloqueada
125,125,10266.23,poupança,2025-02-25 10:04:17,bloqueada
126,126,833.96,poupança,2025-03-01 09:28:57,desbloqueada
127,127,3.36,poupança,2025-03-12 09:02:40,desbloqueada
128,128,2320.73,poupança,2025-03-13 05:56:50,desbloqueada
129,129,12431.27,corrente,2025-03-01 00:25:38,desbloqueada
130,130,9568.22,salário,2025-02-14 10:07:30,desbloqueada
131,131,6644.26,poupança,2025-02-20 07:48:41,desbloqueada
132,132,7719.4,salário,2025-01-18 08:06:13,bloqueada
133,133,12214.92,salário,2025-02-14 01:12:31,bloqueada
134,134,8152.51,poupança,2025-03-07 19:38:13,pendente
135,135,11485.63,salário,2025-03-27 22:08:02,pendente
136,136,7364.08,corrente,2025-03-23 19:58:44,bloqueada
137,137,14476.72,poupança,2025-02-16 21:46:09,desbloqueada
138,138,4177.89,salário,2025-01-14 15:45:44,pendente
139,139,6084.9,poupança,2025-03-03 03:16:28,pendente
140,140,6443.08,salário,2025-01-15 05:31:21,desbloqueada
141,141,169.03,salário,2025-03-20 08:16:06,desbloqueada
142,142,10835.83,corrente,2025-03-15 00:15:00,pendente
143,143,6575.26,poupança,2025-04-05 01:25:10,pendente
144,144,13737.78,corrente,2025-02-27 14:33:16,bloqueada
145,145,6732.9,salário,2025-02-20 02:54:39,pendente
146,146,3548.05,salário,2025-01-17 12:41:10,pendente
147,147,3106.3,salário,2025-03-04 13:07:13,pendente
148,148,323.27,poupança,2025-01-10 16:18:28,desbloqueada
149,149,5282.19,corrente,2025-01-13 23:04:56,pendente
150,150,1061.43,corrente,2025-03-10 22:42:52,desbloqueada
151,151,13428.86,corrente,2025-03-30 15:55:56,desbloqueada
152,152,2661.53,salário,2025-03-14 14:57:28,pendente
153,153,14622.29,corrente,2025-02-20 09:00:53,pendente
154,154,14810.19,poupança,2025-03-24 22:18:00,desbloqueada
155,155,11351.15,corrente,2025-03-18 00:51:21,desbloqueada
156,156,8641.22,poupança,2025-03-19 13:08:11,pendente
157,157,14350.62,salário,2025-02-15 03:47:02,pendente
158,158,10562.74,corrente,2025-01-02 05:29:15,pendente
159,159,13577.1,salário,2025-02-12 02:04:03,bloqueada
160,160,12018.62,poupança,2025-04-04 20:33:39,bloqueada
161,161,11756.7,corrente,2025-01-01 19:42:22,desbloqueada
162,162,2491.26,poupança,2025-03-29 01:51:36,desbloqueada
163,163,14105.7,poupança,2025-01-18 03:39:24,desbloqueada
164,164,3197.29,corrente,2025-01-03 02:47:27,pendente
165,165,2506.1,salário,2025-02-24 22:52:46,desbloqueada
166,166,1798.46,salário,2025-01-16 03:48:37,bloqueada
167,167,892.36,corrente,2025-02-22 01:34:47,desbloqueada
168,168,13623.43,salário,2025-01-13 05:10:28,desbloqueada
169,169,7392.04,poupança,2025-02-01 19:45:40,pendente
170,170,14288.32,corrente,2025-01-18 15:44:49,desbloqueada
171,171,3219.33,corrente,2025-04-04 22:04:32,desbloqueada
172,172,3353.39,salário,2025-01-25 16:32:40,bloqueada
173,173,8717.56,corrente,2025-01-11 18:22:30,bloqueada
174,174,6689.25,salário,2025-03-31 21:41:39,pendente
175,175,2223.11,salário,2025-04-04 08:37:15,desbloqueada
176,176,5574.59,corrente,2025-02-27 15:13:38,bloqueada
177,177,9015.95,salário,2025-01-30 19:51:52,desbloqueada
178,178,2743.95,poupança,2025-02-24 12:24:49,bloqueada
179,179,4489.83,poupança,2025-03-16 23:49:42,bloqueada
180,180,11399.04,poupança,2025-02-01 08:02:07,bloqueada
181,181,11011.6,poupança,2025-01-01 21:46:17,desbloqueada
182,182,13231.96,corrente,2025-01-19 00:22:34,desbloqueada
183,183,9207.28,corrente,2025-02-22 05:10:35,pendente
184,184,13181.45,salário,2025-03-01 11:45:14,pendente
185,185,7476.87,salário,2025-02-14 22:50:29,pendente
186,186,1930.34,poupança,2025-01-31 15:08:00,bloqueada
187,187,4238.55,poupança,2025-02-14 13:19:00,desbloqueada
188,188,12230.23,corrente,2025-03-26 23:05:31,pendente
189,189,12502.76,corrente,2025-03-29 11:40:26,pendente
190,190,14500.14,salário,2025-01-12 19:14:48,desbloqueada
191,191,13938.55,salário,2025-04-04 03:35:49,pendente
192,192,6150.44,poupança,2025-01-17 08:00:30,pendente
193,193,13119.08,salário,2025-02-16 04:50:54,desbloqueada
194,194,304.67,poupança,2025-02-26 13:14:12,pendente
195,195,12845.92,corrente,2025-04-02 16:16:26,desbloqueada
196,196,7734.99,corrente,2025-03-30 22:08:39,bloqueada
197,197,4824.65,poupança,2025-03-30 08:02:43,desbloqueada
198,198,3339.82,poupança,2025-01-22 17:23:00,pendente
199,199,12236.96,corrente,2025-03-08 06:22:59,bloqueada
200,200,2645.6,salário,2025-03-29 13:00:03,desbloqueada
201,201,4881.35,salário,2025-03-02 06:11:24,pendente
202,202,3376.87,salário,2025-02-08 12:43:50,pendente
203,203,7222.34,salário,2025-03-25 21:37:47,desbloqueada
204,204,1305.74,salário,2025-03-31 15:48:59,desbloqueada
205,205,6244.19,corrente,2025-02-08 06:55:39,pendente
206,206,14660.3,corrente,2025-01-13 15:33:27,desbloqueada
207,207,3008.55,salário,2025-01-13 22:37:45,desbloqueada
208,208,3139.75,corrente,2025-01-29 00:48:42,bloqueada
209,209,5812.48,poupança,2025-03-11 09:42:00,desbloqueada
210,210,12639.71,poupança,2025-02-10 02:13:11,pendente
211,211,11745.38,poupança,2025-02-02 15:16:53,bloqueada
212,212,2121.47,corrente,2025-03-09 21:52:23,pendente
213,213,10955.22,salário,2025-04-04 23:51:38,desbloqueada
214,214,14786.58,corrente,2025-01-12 22:00:01,pendente
215,215,3895.7,salário,2025-01-22 19:19:35,pendente
216,216,4060.76,corrente,2025-03-30 11:52:19,pendente
217,217,6412.54,corrente,2025-04-02 13:25:38,desbloqueada
218,218,12290.69,corrente,2025-03-24 05:32:31,bloqueada
219,219,13450.53,corrente,2025-03-13 20:29:06,bloqueada
220,220,7115.51,poupança,2025-02-13 19:38:58,bloqueada
221,221,420.44,salário,2025-02-01 09:55:18,desbloqueada
222,222,1615.83,salário,2025-02-06 19:53:35,bloqueada
223,223,1496.22,salário,2025-03-17 19:24:10,pendente
224,224,7506.21,poupança,2025-03-16 08:43:50,desbloqueada
225,225,9190.84,salário,2025-04-05 12:49:49,desbloqueada
226,226,11097.43,poupança,2025-04-04 09:57:50,bloqueada
227,227,10482.26,salário,2025-03-13 02:23:04,desbloqueada
228,228,8521.89,salário,2025-01-02 06:14:34,pendente
229,229,8422.43,salário,2025-03-10 12:12:18,desbloqueada
230,230,6257.23,poupança,2025-01-04 23:02:43,pendente
231,231,9997.12,poupança,2025-01-19 12:46:09,pendente
232,232,1946.43,salário,2025-04-03 07:03:01,pendente
233,233,8910.23,salário,2025-01-12 11:44:08,desbloqueada
234,234,7810.76,salário,2025-03-06 04:33:32,bloqueada
235,235,14723.98,corrente,2025-01-29 18:59:27,pendente
236,236,6470.28,poupança,2025-02-20 02:54:24,bloqueada
237,237,7970.3,poupança,2025-03-21 02:15:38,bloqueada
238,238,8917.87,corrente,2025-03-05 04:12:13,desbloqueada
239,239,5084.42,poupança,2025-02-10 14:05:28,bloqueada
240,240,899.61,corrente,2025-03-29 15:46:11,bloqueada
241,241,11269.7,salário,2025-01-26 20:14:43,bloqueada
242,242,11035.0,corrente,2025-03-04 12:30:47,desbloqueada
243,243,7153.8,corrente,2025-02-20 23:17:25,pendente
244,244,845.14,poupança,2025-01-18 13:49:28,desbloqueada
245,245,13451.14,poupança,2025-01-30 21:44:51,desbloqueada
246,246,14405.15,poupança,2025-01-20 11:13:05,bloqueada
247,247,6192.63,salário,2025-03-21 07:47:33,pendente
248,248,12792.92,salário,2025-02-05 00:38:46,desbloqueada
249,249,12191.67,poupança,2025-01-22 05:34:00,pendente
250,250,5039.95,corrente,2025-02-01 18:05:02,desbloqueada
251,251,10111.84,corrente,2025-02-11 08:57:11,pendente
252,252,9755.86,corrente,2025-01-05 02:21:03,bloqueada
253,253,13921.86,salário,2025-01-20 00:43:34,desbloqueada
254,254,5649.58,corrente,2025-03-19 23:34:29,pendente
255,255,14584.57,salário,2025-01-03 06:01:47,bloqueada
256,256,7766.22,corrente,2025-02-13 19:27:44,bloqueada
257,257,9374.77,corrente,2025-03-21 00:55:35,desbloqueada
258,258,12536.14,poupança,2025-01-27 17:01:32,pendente
259,259,14392.56,salário,2025-02-18 08:43:38,pendente
260,260,255.11,salário,2025-01-19 09:47:23,desbloqueada
261,261,7085.21,corrente,2025-03-06 17:47:16,pendente
262,262,3265.52,poupança,2025-01-14 16:07:21,bloqueada
263,263,7913.54,salário,2025-02-05 04:12:47,pendente
264,264,5464.27,salário,2025-02-17 14:55:19,desbloqueada
265,265,12786.43,salário,2025-02-28 10:27:15,bloqueada
266,266,8598.63,salário,2025-02-15 13:45:25,bloqueada
267,267,2515.96,corrente,2025-04-05 22:59:49,desbloqueada
268,268,6565.79,poupança,2025-01-20 15:20:20,bloqueada
269,269,12407.75,corrente,2025-02-16 01:40:54,desbloqueada
270,270,1446.28,poupança,2025-02-03 00:20:20,pendente
271,271,9634.89,poupança,2025-03-25 17:41:51,bloqueada
272,272,13890.1,corrente,2025-01-17 13:30:13,pendente
273,273,9278.08,salário,2025-03-27 18:45:58,desbloqueada
274,274,2677.31,poupança,2025-02-05 12:31:41,desbloqueada
275,275,11359.7,poupança,2025-03-20 19:23:57,bloqueada
276,276,11120.81,salário,2025-01-31 08:12:40,bloqueada
277,277,1048.71,salário,2025-03-03 09:21:12,bloqueada
278,278,12855.55,corrente,2025-02-11 02:24:40,desbloqueada
279,279,10088.22,salário,2025-02-01 11:00:57,bloqueada
280,280,1552.67,salário,2025-01-07 17:56:53,pendente
281,281,12625.02,salário,2025-02-17 05:42:46,pendente
282,282,8309.92,salário,2025-01-16 13:45:40,pendente
283,283,4379.27,corrente,2025-02-17 22:17:25,pendente
284,284,3365.49,poupança,2025-01-30 23:18:13,bloqueada
285,285,6839.86,salário,2025-03-22 03:13:40,desbloqueada
286,286,4810.24,poupança,2025-03-10 01:48:17,pendente
287,287,9670.11,salário,2025-03-03 06:59:47,bloqueada
288,288,11788.42,poupança,2025-02-08 10:18:37,bloqueada
289,289,3017.31,salário,2025-02-07 09:14:44,bloqueada
290,290,10713.71,salário,2025-04-02 10:54:01,desbloqueada
291,291,6430.33,salário,2025-01-06 00:09:07,pendente
292,292,265.77,corrente,2025-04-03 07:43:07,desbloqueada
293,293,12419.13,salário,2025-01-04 00:31:33,desbloqueada
294,294,4622.24,corrente,2025-01-03 02:24:22,pendente
295,295,8069.85,corrente,2025-03-06 04:31:21,desbloqueada
296,296,6501.55,poupança,2025-03-16 18:25:18,pendente
297,297,14959.97,poupança,2025-01-30 12:17:48,pendente
298,298,13406.7,corrente,2025-01-31 20:09:14,bloqueada
299,299,9014.73,corrente,2025-04-04 10:11:06,bloqueada
300,300,5305.78,salário,2025-01-13 20:25:27,pendente
301,301,6458.17,corrente,2025-01-23 10:29:58,pendente
302,302,11352.0,salário,2025-03-16 20:51:23,pendente
303,303,6246.63,corrente,2025-03-16 20:53:54,desbloqueada
304,304,9352.97,corrente,2025-03-11 11:41:38,bloqueada
305,305,9836.45,corrente,2025-01-08 08:44:21,pendente
306,306,6945.83,salário,2025-02-17 19:18:50,pendente
307,307,6153.49,corrente,2025-01-16 05:43:37,desbloqueada
308,308,11971.02,salário,2025-04-01 00:46:38,bloqueada
309,309,13960.69,corrente,2025-02-03 06:41:12,bloqueada
310,310,8738.25,salário,2025-02-14 04:39:36,pendente
311,311,11882.22,salário,2025-01-12 23:24:29,desbloqueada
312,312,3676.38,corrente,2025-03-21 12:52:16,bloqueada
313,313,12180.6,poupança,2025-02-27 17:14:15,bloqueada
314,314,8298.23,salário,2025-01-24 15:16:34,pendente
315,315,10399.11,corrente,2025-02-08 00:46:06,desbloqueada
316,316,6624.48,corrente,2025-01-17 03:32:07,desbloqueada
317,317,1800.15,salário,2025-01-18 12:56:50,bloqueada
318,318,86.81,salário,2025-01-04 12:39:37,pendente
319,319,10340.83,poupança,2025-01-30 23:42:27,bloqueada
320,320,11950.75,salário,2025-02-10 09:08:38,desbloqueada
321,321,13813.67,poupança,2025-02-01 15:06:26,desbloqueada
322,322,9379.35,corrente,2025-01-23 06:38:50,pendente
323,323,7653.21,corrente,2025-02-04 15:43:14,desbloqueada
324,324,9416.08,salário,2025-03-29 22:00:49,bloqueada
325,325,5968.47,salário,2025-02-06 02:28:16,desbloqueada
326,326,14306.1,poupança,2025-04-06 17:15:27,pendente
327,327,11936.13,poupança,2025-04-04 20:57:50,pendente
328,328,8120.96,corrente,2025-02-08 13:36:54,desbloqueada
329,329,5313.6,poupança,2025-03-10 23:56:44,pendente
330,330,3174.86,corrente,2025-01-12 22:59:20,pendente
331,331,1251.52,poupança,2025-02-12 14:07:03,bloqueada
332,332,6207.34,salário,2025-04-01 09:56:55,pendente
333,333,6282.82,salário,2025-03-02 01:35:08,bloqueada
334,334,3071.32,poupança,2025-02-02 11:25:33,desbloqueada
335,335,14743.03,poupança,2025-03-28 04:23:48,desbloqueada
336,336,7744.66,salário,2025-02-05 06:36:15,desbloqueada
337,337,3212.66,poupança,2025-02-21 17:57:53,bloqueada
338,338,4798.67,salário,2025-03-25 04:38:23,desbloqueada
339,339,11207.61,corrente,2025-03-02 20:28:51,desbloqueada
340,340,3071.93,poupança,2025-03-29 19:37:28,bloqueada
341,341,13990.79,salário,2025-02-21 07:52:38,pendente
342,342,5213.44,corrente,2025-03-14 17:56:41,desbloqueada
343,343,2748.97,salário,2025-02-22 05:40:19,desbloqueada
344,344,14565.05,corrente,2025-02-13 01:40:35,bloqueada
345,345,13791.72,poupança,2025-01-12 18:21:59,bloqueada
346,346,8148.01,corrente,2025-02-10 12:32:10,bloqueada
347,347,13551.94,corrente,2025-03-09 10:53:20,pendente
348,348,10521.46,corrente,2025-02-07 05:44:18,pendente
349,349,12952.37,salário,2025-01-11 00:28:52,bloqueada
350,350,10514.58,poupança,2025-03-05 12:48:33,pendente
351,351,3465.4,salário,2025-02-22 04:38:46,pendente
352,352,1743.46,corrente,2025-01-20 03:14:34,bloqueada
353,353,13009.84,corrente,2025-01-11 01:36:58,bloqueada
354,354,6491.63,poupança,2025-03-18 03:30:18,bloqueada
355,355,8261.03,corrente,2025-01-23 13:44:03,bloqueada
356,356,1781.92,poupança,2025-01-30 12:54:19,desbloqueada
357,357,13588.74,salário,2025-04-02 15:01:13,desbloqueada
358,358,6051.95,corrente,2025-01-28 01:50:29,desbloqueada
359,359,7024.28,salário,2025-01-31 12:33:57,bloqueada
360,360,13722.13,poupança,2025-03-21 08:18:48,desbloqueada
361,361,6617.07,corrente,2025-04-03 17:57:39,pendente
362,362,9613.69,poupança,2025-02-16 00:35:19,pendente
363,363,11881.56,corrente,2025-01-19 13:00:58,pendente
364,364,6802.82,corrente,2025-01-31 01:21:59,desbloqueada
365,365,8284.33,salário,2025-03-08 16:56:17,pendente
366,366,3857.66,poupança,2025-02-06 00:14:35,bloqueada
367,367,13334.68,salário,2025-03-16 12:40:18,bloqueada
368,368,7258.58,corrente,2025-01-26 22:03:46,pendente
369,369,6686.32,salário,2025-02-03 14:31:15,desbloqueada
370,370,8884.0,salário,2025-04-05 14:23:15,desbloqueada
371,371,5239.69,salário,2025-04-04 08:12:42,pendente
372,372,215.67,corrente,2025-04-02 22:02:52,bloqueada
373,373,13569.85,corrente,2025-01-25 09:43:17,desbloqueada
374,374,8566.17,salário,2025-02-17 06:47:19,bloqueada
375,375,1156.75,poupança,2025-02-23 10:46:24,bloqueada
376,376,78.85,salário,2025-03-14 03:19:03,bloqueada
377,377,3625.86,corrente,2025-02-03 05:23:15,bloqueada
378,378,14424.07,corrente,2025-03-06 19:09:08,desbloqueada
379,379,9390.38,corrente,2025-04-01 19:08:55,pendente
380,380,4646.79,poupança,2025-02-08 22:18:24,pendente
381,381,5310.52,salário,2025-03-12 14:14:06,bloqueada
382,382,2625.29,poupança,2025-04-06 19:03:22,desbloqueada
383,383,9919.0,corrente,2025-01-31 17:22:28,pendente
384,384,2934.75,salário,2025-03-10 22:42:39,bloqueada
385,385,3729.76,salário,2025-03-14 15:37:49,desbloqueada
386,386,2412.93,salário,2025-02-15 11:13:10,bloqueada
387,387,3373.96,corrente,2025-01-05 08:35:18,desbloqueada
388,388,173.33,corrente,2025-03-10 12:43:20,bloqueada
389,389,9498.9,salário,2025-02-16 16:05:22,bloqueada
390,390,2948.99,salário,2025-03-11 12:58:27,pendente
391,391,13723.45,poupança,2025-04-04 03:30:24,pendente
392,392,6101.94,salário,2025-02-14 20:37:43,bloqueada
393,393,6643.77,poupança,2025-01-27 03:39:36,desbloqueada
394,394,11769.04,salário,2025-01-01 01:05:49,desbloqueada
395,395,1774.3,salário,2025-03-29 18:08:09,pendente
396,396,987.63,salário,2025-02-07 00:30:33,desbloqueada
397,397,11531.13,poupança,2025-03-20 07:03:30,desbloqueada
398,398,4926.72,corrente,2025-01-23 17:13:13,desbloqueada
399,399,3394.65,salário,2025-03-06 03:26:23,bloqueada
400,400,9028.24,corrente,2025-03-20 00:23:36,bloqueada
401,401,6299.69,poupança,2025-01-11 16:34:26,desbloqueada
402,402,1762.86,poupança,2025-01-12 08:43:56,desbloqueada
403,403,5364.13,poupança,2025-03-21 06:36:57,bloqueada
404,404,8968.14,corrente,2025-01-11 00:04:28,bloqueada
405,405,5922.45,salário,2025-01-26 22:08:46,bloqueada
406,406,8631.17,salário,2025-03-04 11:55:57,bloqueada
407,407,9787.35,salário,2025-02-23 03:47:20,pendente
408,408,13842.71,corrente,2025-04-01 08:21:03,pendente
409,409,11411.88,salário,2025-02-05 19:35:32,pendente
410,410,2409.81,salário,2025-03-24 17:17:15,bloqueada
411,411,9997.99,salário,2025-03-23 22:06:04,pendente
412,412,1991.87,salário,2025-03-15 18:08:50,pendente
413,413,9911.2,poupança,2025-02-20 08:31:29,desbloqueada
414,414,14037.44,corrente,2025-02-18 01:38:14,bloqueada
415,415,4396.62,corrente,2025-02-03 13:23:50,pendente
416,416,4809.01,poupança,2025-02-22 17:44:36,pendente
417,417,248.99,poupança,2025-01-13 21:46:27,pendente
418,418,9526.08,salário,2025-03-31 17:16:04,desbloqueada
419,419,12671.9,corrente,2025-04-05 17:15:53,desbloqueada
420,420,7508.25,salário,2025-01-23 04:30:57,bloqueada
421,421,7091.79,salário,2025-03-30 02:05:00,bloqueada
422,422,14070.32,poupança,2025-01-02 05:30:56,pendente
423,423,14153.69,salário,2025-03-19 03:17:56,desbloqueada
424,424,4041.36,poupança,2025-03-09 02:13:42,bloqueada
425,425,1292.72,poupança,2025-01-25 13:56:56,bloqueada
426,426,3733.1,salário,2025-01-31 12:37:53,bloqueada
427,427,28.7,corrente,2025-01-22 00:35:31,pendente
428,428,7791.07,poupança,2025-01-18 05:08:03,bloqueada
429,429,4172.15,corrente,2025-01-30 22:52:10,pendente
430,430,6724.29,poupança,2025-03-13 17:53:47,bloqueada
431,431,2222.94,salário,2025-02-11 10:23:35,bloqueada
432,432,5645.87,poupança,2025-01-12 10:04:07,desbloqueada
433,433,4910.55,corrente,2025-01-19 18:24:12,desbloqueada
434,434,10448.33,salário,2025-03-17 11:12:41,desbloqueada
435,435,3728.2,poupança,2025-01-29 18:58:49,desbloqueada
436,436,10468.81,corrente,2025-03-27 07:26:02,pendente
437,437,3266.47,poupança,2025-01-25 04:03:58,pendente
438,438,5778.82,poupança,2025-03-23 03:15:37,desbloqueada
439,439,10164.54,corrente,2025-02-25 10:37:50,desbloqueada
440,440,7220.44,corrente,2025-02-18 22:27:06,pendente
441,441,14727.22,poupança,2025-03-12 20:58:56,bloqueada
442,442,11953.11,corrente,2025-04-06 08:02:37,desbloqueada
443,443,7884.95,salário,2025-02-12 23:27:53,bloqueada
444,444,10428.12,poupança,2025-01-29 11:32:07,bloqueada
445,445,9104.43,poupança,2025-03-14 14:10:03,desbloqueada
446,446,3788.34,salário,2025-01-28 00:39:55,desbloqueada
447,447,2212.85,poupança,2025-02-26 17:58:45,bloqueada
448,448,13683.05,poupança,2025-01-31 09:12:27,bloqueada
449,449,7760.91,salário,2025-01-29 20:34:35,desbloqueada
450,450,12444.4,salário,2025-02-27 07:06:42,pendente
451,451,7081.61,poupança,2025-01-23 05:06:59,desbloqueada
452,452,13156.28,salário,2025-03-09 11:45:46,desbloqueada
453,453,8503.02,salário,2025-03-24 02:48:52,pendente
454,454,449.36,corrente,2025-01-21 23:32:28,pendente
455,455,5122.74,poupança,2025-01-18 02:56:53,bloqueada
456,456,3810.7,salário,2025-03-16 06:34:07,pendente
457,457,8562.81,poupança,2025-02-19 02:41:22,desbloqueada
458,458,5243.15,poupança,2025-01-12 10:16:56,desbloqueada
459,459,11598.18,poupança,2025-02-16 04:30:38,desbloqueada
460,460,7888.25,poupança,2025-01-29 09:35:15,bloqueada
461,461,8904.32,poupança,2025-01-04 02:53:30,pendente
462,462,11740.96,poupança,2025-01-12 06:00:43,desbloqueada
463,463,11694.39,poupança,2025-01-08 08:43:56,desbloqueada
464,464,10557.22,poupança,2025-03-26 01:06:06,pendente
465,465,11203.29,poupança,2025-01-10 16:45:52,bloqueada
466,466,3576.3,poupança,2025-03-23 16:24:24,pendente
467,467,12976.13,poupança,2025-03-06 16:07:36,pendente
468,468,14451.55,poupança,2025-03-07 00:25:46,pendente
469,469,2957.33,poupança,2025-01-28 02:44:08,desbloqueada
470,470,4239.71,salário,2025-01-31 06:25:05,desbloqueada
471,471,6403.4,poupança,2025-03-14 20:45:07,desbloqueada
472,472,8388.14,corrente,2025-03-13 12:21:51,bloqueada
473,473,12809.25,poupança,2025-03-04 15:36:06,desbloqueada
474,474,5967.04,salário,2025-04-05 16:54:39,desbloqueada
475,475,7811.97,poupança,2025-02-19 22:23:37,bloqueada
476,476,8013.11,salário,2025-02-14 08:32:10,bloqueada
477,477,5770.84,salário,2025-03-13 02:12:36,bloqueada
478,478,9388.52,poupança,2025-02-05 08:16:54,bloqueada
479,479,11583.12,corrente,2025-02-15 06:45:09,desbloqueada
480,480,5608.21,corrente,2025-03-13 08:29:54,bloqueada
481,481,1996.09,corrente,2025-03-31 13:55:39,desbloqueada
482,482,3443.08,poupança,2025-03-04 05:31:56,desbloqueada
483,483,9386.9,corrente,2025-04-06 18:32:14,desbloqueada
484,484,11264.21,salário,2025-02-20 14:35:49,pendente
485,485,12577.9,poupança,2025-02-22 21:19:30,bloqueada
486,486,6458.93,salário,2025-01-16 16:44:32,bloqueada
487,487,7224.35,salário,2025-03-18 18:23:21,bloqueada
488,488,5827.07,salário,2025-02-25 16:59:13,bloqueada
489,489,4669.26,salário,2025-03-02 20:04:38,desbloqueada
490,490,3721.52,poupança,2025-01-14 03:34:27,pendente
491,491,6261.29,poupança,2025-03-20 07:20:29,bloqueada
492,492,4299.81,salário,2025-02-05 20:12:31,pendente
493,493,13673.08,poupança,2025-01-11 22:31:10,bloqueada
494,494,6672.96,poupança,2025-02-25 01:04:24,pendente
495,495,4222.09,salário,2025-03-02 18:13:05,desbloqueada
496,496,9894.86,corrente,2025-03-06 21:44:48,pendente
497,497,13060.71,corrente,2025-03-31 15:27:29,bloqueada
498,498,6622.47,corrente,2025-03-06 10:23:17,desbloqueada
499,499,3813.44,corrente,2025-01-17 04:40:52,desbloqueada
500,500,3784.22,poupança,2025-04-06 17:27:32,pendente
501,501,1974.7,salário,2025-02-16 10:10:16,desbloqueada
502,502,9221.54,salário,2025-03-25 13:25:47,desbloqueada
503,503,4812.1,poupança,2025-02-10 03:56:51,desbloqueada
504,504,8213.88,corrente,2025-04-06 06:32:26,pendente
505,505,14749.05,corrente,2025-02-13 06:26:47,bloqueada
506,506,3345.64,salário,2025-01-04 23:04:54,bloqueada
507,507,3033.77,poupança,2025-01-29 22:38:30,pendente
508,508,10770.29,corrente,2025-03-29 01:39:15,pendente
509,509,4703.76,poupança,2025-03-28 22:24:49,desbloqueada
510,510,4449.17,poupança,2025-01-20 09:48:56,bloqueada
511,511,5924.28,corrente,2025-03-05 05:50:24,pendente
512,512,10290.66,corrente,2025-03-30 04:10:23,desbloqueada
513,513,7779.65,salário,2025-03-29 12:31:28,pendente
514,514,8804.22,poupança,2025-01-13 16:20:18,desbloqueada
515,515,12425.77,corrente,2025-01-28 01:20:00,bloqueada
516,516,3897.9,corrente,2025-03-25 11:43:39,pendente
517,517,8554.11,poupança,2025-01-19 11:15:30,bloqueada
518,518,8061.27,poupança,2025-02-15 18:20:51,desbloqueada
519,519,5020.45,poupança,2025-02-02 00:07:33,desbloqueada
520,520,14366.88,salário,2025-01-18 13:47:16,pendente
521,521,4581.69,corrente,2025-02-27 06:10:53,bloqueada
522,522,7366.8,poupança,2025-03-27 06:03:02,desbloqueada
523,523,11397.79,corrente,2025-01-03 03:26:10,desbloqueada
524,524,243.86,poupança,2025-03-23 09:56:04,bloqueada
525,525,13038.89,corrente,2025-03-06 14:16:49,bloqueada
526,526,8446.99,corrente,2025-01-31 18:03:09,bloqueada
527,527,1729.42,poupança,2025-03-05 02:06:41,pendente
528,528,5370.37,salário,2025-02-06 10:48:15,bloqueada
529,529,6703.9,salário,2025-04-02 20:15:06,desbloqueada
530,530,11072.19,poupança,2025-03-18 09:04:41,bloqueada
531,531,13954.34,poupança,2025-03-03 05:28:49,bloqueada
532,532,145.5,salário,2025-02-18 09:23:43,bloqueada
533,533,12547.53,poupança,2025-01-08 08:16:20,desbloqueada
534,534,9461.0,salário,2025-01-25 15:49:32,desbloqueada
535,535,6782.86,poupança,2025-01-17 23:42:20,pendente
536,536,7354.13,corrente,2025-04-05 08:25:16,pendente
537,537,14690.26,corrente,2025-03-16 04:16:29,pendente
538,538,12021.5,salário,2025-02-06 10:29:54,pendente
539,539,9846.35,poupança,2025-01-16 12:56:40,bloqueada
540,540,5103.71,salário,2025-04-02 06:53:34,bloqueada
541,541,11794.84,poupança,2025-03-09 10:42:08,desbloqueada
542,542,13775.03,corrente,2025-02-26 07:22:25,bloqueada
543,543,315.94,poupança,2025-01-13 09:30:40,pendente
544,544,1739.75,poupança,2025-03-11 04:41:13,bloqueada
545,545,7843.58,corrente,2025-01-23 21:19:01,desbloqueada
546,546,1600.62,salário,2025-01-10 23:47:54,pendente
547,547,14162.76,salário,2025-01-06 06:55:55,bloqueada
548,548,14001.33,salário,2025-03-27 14:41:57,pendente
549,549,14996.88,salário,2025-03-27 14:34:21,bloqueada
550,550,9553.16,salário,2025-03-26 10:09:48,desbloqueada
551,551,3950.45,salário,2025-01-24 15:07:43,bloqueada
552,552,14411.69,corrente,2025-04-05 11:45:11,pendente
553,553,13366.79,corrente,2025-01-24 23:47:17,bloqueada
554,554,6625.41,corrente,2025-02-10 20:59:14,desbloqueada
555,555,2182.71,poupança,2025-03-30 19:34:57,desbloqueada
556,556,5744.85,poupança,2025-01-21 16:49:07,bloqueada
557,557,12886.71,corrente,2025-03-24 01:17:02,bloqueada
558,558,14217.18,corrente,2025-03-12 10:41:02,bloqueada
559,559,4878.47,salário,2025-01-16 04:14:14,pendente
560,560,12207.0,salário,2025-02-16 04:46:34,desbloqueada
561,561,9847.68,poupança,2025-02-01 00:56:14,pendente
562,562,9294.85,poupança,2025-04-01 22:05:28,pendente
563,563,8015.07,corrente,2025-02-21 05:09:55,pendente
564,564,117.24,poupança,2025-01-25 12:30:05,bloqueada
565,565,13137.64,salário,2025-03-20 22:36:09,desbloqueada
566,566,13035.06,poupança,2025-01-03 12:17:10,desbloqueada
567,567,1515.64,salário,2025-01-26 17:20:58,bloqueada
568,568,12152.11,salário,2025-01-30 07:54:44,desbloqueada
569,569,10846.47,corrente,2025-03-13 09:31:45,bloqueada
570,570,12839.02,salário,2025-03-18 18:53:47,bloqueada
571,571,3066.64,poupança,2025-02-01 15:38:56,desbloqueada
572,572,9080.7,corrente,2025-01-10 18:34:43,bloqueada
573,573,2974.76,poupança,2025-01-26 17:11:18,desbloqueada
574,574,12868.48,salário,2025-02-24 06:52:29,pendente
575,575,14567.8,poupança,2025-03-06 09:19:10,bloqueada
576,576,6825.61,corrente,2025-03-15 02:47:20,desbloqueada
577,577,5764.32,corrente,2025-02-20 18:27:38,pendente
578,578,11979.28,poupança,2025-01-26 10:12:39,bloqueada
579,579,11440.95,poupança,2025-01-01 17:12:52,pendente
580,580,2922.14,poupança,2025-03-21 22:08:05,bloqueada
581,581,3424.41,corrente,2025-02-23 12:27:01,bloqueada
582,582,6700.49,salário,2025-03-09 14:58:40,bloqueada
583,583,5780.77,salário,2025-01-02 05:14:05,pendente
584,584,49.11,salário,2025-03-09 17:56:58,bloqueada
585,585,14820.87,poupança,2025-03-02 09:13:20,bloqueada
586,586,2426.6,salário,2025-02-10 02:27:27,bloqueada
587,587,1507.21,poupança,2025-02-18 01:52:09,pendente
588,588,3935.55,poupança,2025-01-28 09:34:04,pendente
589,589,4684.38,salário,2025-01-30 08:47:10,desbloqueada
590,590,5752.44,corrente,2025-01-19 20:44:57,bloqueada
591,591,5273.78,poupança,2025-02-22 15:26:48,desbloqueada
592,592,13210.0,salário,2025-02-24 10:26:06,desbloqueada
593,593,11455.91,corrente,2025-02-23 19:09:06,bloqueada
594,594,12084.46,corrente,2025-02-23 15:41:05,bloqueada
595,595,10155.02,corrente,2025-01-01 17:49:27,desbloqueada
596,596,5729.61,corrente,2025-02-01 13:51:09,pendente
597,597,1706.88,corrente,2025-02-14 06:37:33,pendente
598,598,10897.63,corrente,2025-02-07 01:29:50,bloqueada
599,599,14801.7,poupança,2025-01-29 07:48:57,desbloqueada
600,600,14038.55,poupança,2025-02-16 16:55:08,desbloqueada
601,601,10623.88,poupança,2025-04-01 19:36:49,pendente
602,602,12292.81,poupança,2025-02-11 23:34:33,bloqueada
603,603,13257.59,salário,2025-01-16 22:36:58,pendente
604,604,7362.52,poupança,2025-03-26 14:46:40,bloqueada
605,605,488.88,salário,2025-03-28 15:51:59,pendente
606,606,6975.44,poupança,2025-01-20 16:26:33,pendente
607,607,3498.28,poupança,2025-02-05 00:47:50,desbloqueada
608,608,2168.57,corrente,2025-03-17 15:39:24,desbloqueada
609,609,9256.88,poupança,2025-02-03 23:38:46,bloqueada
610,610,6161.47,corrente,2025-01-19 13:43:57,desbloqueada
611,611,6778.46,poupança,2025-03-04 15:40:19,desbloqueada
612,612,13099.42,poupança,2025-01-10 13:40:30,bloqueada
613,613,3043.27,poupança,2025-01-12 12:55:48,pendente
614,614,12920.26,poupança,2025-01-02 10:58:13,bloqueada
615,615,6563.97,corrente,2025-02-14 10:07:40,pendente
616,616,13726.6,poupança,2025-01-14 05:26:07,desbloqueada
617,617,2171.66,salário,2025-04-01 03:14:25,desbloqueada
618,618,371.33,salário,2025-02-24 13:37:42,bloqueada
619,619,4575.27,poupança,2025-01-05 10:54:10,desbloqueada
620,620,8712.95,poupança,2025-03-06 11:59:27,pendente
621,621,1128.02,salário,2025-02-22 16:54:33,bloqueada
622,622,541.34,poupança,2025-01-24 07:13:20,bloqueada
623,623,6988.7,poupança,2025-02-26 08:16:46,desbloqueada
624,624,1430.59,salário,2025-03-01 00:53:47,bloqueada
625,625,10774.4,salário,2025-02-21 13:28:08,desbloqueada
626,626,5240.65,salário,2025-03-24 12:25:58,bloqueada
627,627,5863.17,salário,2025-02-03 14:00:18,bloqueada
628,628,12624.57,corrente,2025-01-26 05:09:01,bloqueada
629,629,7639.13,salário,2025-01-15 03:42:50,pendente
630,630,7607.44,corrente,2025-03-17 17:52:53,pendente
631,631,932.75,salário,2025-02-05 18:07:07,bloqueada
632,632,13956.36,salário,2025-02-17 05:44:15,bloqueada
633,633,1754.04,salário,2025-03-15 13:35:02,bloqueada
634,634,14767.27,poupança,2025-03-30 16:34:49,pendente
635,635,5431.78,corrente,2025-01-20 00:52:43,pendente
636,636,10501.16,poupança,2025-01-27 07:59:01,bloqueada
637,637,14016.96,salário,2025-02-03 10:12:31,pendente
638,638,7983.14,poupança,2025-01-28 11:41:22,desbloqueada
639,639,4027.58,corrente,2025-01-05 08:12:52,desbloqueada
640,640,9209.42,salário,2025-02-14 16:48:59,bloqueada
641,641,4488.11,salário,2025-03-30 06:27:49,pendente
642,642,11688.2,poupança,2025-03-24 17:25:42,bloqueada
643,643,10856.46,poupança,2025-02-10 00:57:16,desbloqueada
644,644,14649.23,poupança,2025-02-22 02:32:54,bloqueada
645,645,868.71,corrente,2025-02-20 01:40:58,pendente
646,646,14464.03,salário,2025-02-05 07:27:03,pendente
647,647,5448.79,corrente,2025-02-13 02:36:50,bloqueada
648,648,8674.15,corrente,2025-01-21 17:49:12,pendente
649,649,6555.68,poupança,2025-01-10 22:53:47,desbloqueada
650,650,789.96,salário,2025-02-27 09:42:58,desbloqueada
651,651,3875.66,salário,2025-02-28 21:52:38,desbloqueada
652,652,5537.48,poupança,2025-02-01 01:42:22,pendente
653,653,9925.45,poupança,2025-01-14 20:38:11,bloqueada
654,654,1412.34,corrente,2025-02-16 10:50:07,pendente
655,655,1280.24,salário,2025-02-19 02:22:31,pendente
656,656,13637.88,corrente,2025-01-19 11:35:46,bloqueada
657,657,4108.84,poupança,2025-02-22 20:48:02,desbloqueada
658,658,11242.24,poupança,2025-01-15 11:51:50,desbloqueada
659,659,8377.68,corrente,2025-02-07 19:20:17,desbloqueada
660,660,9648.2,poupança,2025-02-24 09:17:34,pendente
661,661,469.1,poupança,2025-03-30 16:20:19,pendente
662,662,7761.43,salário,2025-03-29 10:16:41,bloqueada
663,663,5960.27,corrente,2025-02-17 22:29:04,pendente
664,664,2652.64,poupança,2025-02-15 01:51:07,desbloqueada
665,665,5798.72,corrente,2025-03-18 08:23:34,desbloqueada
666,666,13140.11,corrente,2025-03-14 09:53:41,bloqueada
667,667,1124.62,corrente,2025-02-02 06:55:16,bloqueada
668,668,6454.12,salário,2025-04-03 10:22:19,pendente
669,669,3191.03,salário,2025-02-06 14:53:56,desbloqueada
670,670,1597.68,poupança,2025-03-25 23:55:33,desbloqueada
671,671,8224.85,salário,2025-03-31 20:31:19,pendente
672,672,675.4,salário,2025-02-22 19:56:18,bloqueada
673,673,10072.54,poupança,2025-03-24 19:13:32,desbloqueada
674,674,10164.07,poupança,2025-03-04 11:45:42,desbloqueada
675,675,3672.85,corrente,2025-01-06 11:12:12,bloqueada
676,676,4101.88,corrente,2025-02-22 08:35:29,pendente
677,677,10798.0,corrente,2025-01-05 12:42:36,desbloqueada
678,678,898.8,salário,2025-03-21 23:23:32,desbloqueada
679,679,2001.58,salário,2025-01-23 12:07:21,pendente
680,680,9636.98,poupança,2025-01-21 11:24:53,bloqueada
681,681,6595.84,salário,2025-01-14 19:15:23,pendente
682,682,7147.69,corrente,2025-03-20 06:07:03,bloqueada
683,683,6552.16,corrente,2025-02-07 18:21:06,bloqueada
684,684,496.41,poupança,2025-03-14 19:13:03,pendente
685,685,9891.22,corrente,2025-02-13 23:35:20,desbloqueada
686,686,2134.85,poupança,2025-01-15 20:05:09,desbloqueada
687,687,6176.53,corrente,2025-04-06 13:23:43,bloqueada
688,688,8835.09,poupança,2025-02-20 14:09:08,desbloqueada
689,689,10126.57,corrente,2025-02-24 20:57:14,pendente
690,690,7745.97,poupança,2025-03-18 22:48:28,bloqueada
691,691,2608.13,corrente,2025-01-07 08:28:23,pendente
692,692,14976.34,salário,2025-02-17 16:46:17,pendente
693,693,1086.73,poupança,2025-02-26 11:30:53,desbloqueada
694,694,11149.16,poupança,2025-01-10 19:56:08,pendente
695,695,12571.7,poupança,2025-02-26 22:21:07,pendente
696,696,10109.28,poupança,2025-02-17 11:31:49,pendente
697,697,4032.88,poupança,2025-04-05 03:04:36,bloqueada
698,698,12113.25,salário,2025-02-02 18:49:27,desbloqueada
699,699,230.07,poupança,2025-02-23 14:22:41,desbloqueada
700,700,7650.71,poupança,2025-01-23 07:45:13,pendente
701,701,12263.08,salário,2025-02-12 12:05:31,pendente
702,702,4916.63,salário,2025-03-30 22:48:39,bloqueada
703,703,3702.64,corrente,2025-03-20 10:08:04,desbloqueada
704,704,8961.21,corrente,2025-02-18 03:56:35,pendente
705,705,13508.66,poupança,2025-02-19 11:26:25,pendente
706,706,1460.21,corrente,2025-02-11 19:08:51,desbloqueada
707,707,3261.44,corrente,2025-02-27 22:59:16,bloqueada
708,708,4113.6,salário,2025-03-20 01:11:02,pendente
709,709,5334.89,salário,2025-03-29 06:08:49,bloqueada
710,710,8143.31,poupança,2025-01-31 13:07:01,desbloqueada
711,711,10813.38,poupança,2025-03-11 07:32:25,desbloqueada
712,712,3194.96,corrente,2025-01-21 18:50:11,bloqueada
713,713,3351.5,corrente,2025-04-06 01:03:21,pendente
714,714,6709.34,corrente,2025-02-27 12:51:51,desbloqueada
715,715,5493.16,salário,2025-02-09 23:36:19,desbloqueada
716,716,2756.34,corrente,2025-03-15 06:41:02,pendente
717,717,12736.45,corrente,2025-03-16 15:28:29,desbloqueada
718,718,13247.04,salário,2025-02-05 13:06:17,desbloqueada
719,719,13958.49,salário,2025-03-16 17:38:00,pendente
720,720,1588.87,corrente,2025-03-09 03:54:28,desbloqueada
721,721,6145.19,poupança,2025-03-10 04:56:02,pendente
722,722,9672.54,corrente,2025-04-02 11:43:08,pendente
723,723,1312.95,poupança,2025-01-12 16:14:45,pendente
724,724,12638.52,salário,2025-03-13 04:02:24,desbloqueada
725,725,14750.91,salário,2025-03-17 19:39:13,desbloqueada
726,726,1805.11,poupança,2025-01-16 03:42:38,desbloqueada
727,727,13582.94,salário,2025-02-26 11:49:15,pendente
728,728,4280.59,corrente,2025-02-04 22:15:44,pendente
729,729,9848.64,corrente,2025-01-09 00:44:56,desbloqueada
730,730,12567.9,salário,2025-01-27 19:52:45,bloqueada
731,731,11242.64,salário,2025-02-10 19:01:36,bloqueada
732,732,13891.06,salário,2025-03-09 02:51:11,pendente
733,733,4000.62,corrente,2025-03-13 03:40:43,pendente
734,734,13018.66,poupança,2025-02-16 10:36:05,pendente
735,735,9476.65,corrente,2025-02-02 04:29:48,desbloqueada
736,736,8149.11,poupança,2025-01-21 01:18:24,pendente
737,737,7660.26,corrente,2025-01-28 05:26:51,desbloqueada
738,738,5829.88,corrente,2025-01-27 02:11:24,desbloqueada
739,739,14499.11,salário,2025-01-23 17:16:48,bloqueada
740,740,3466.16,poupança,2025-03-30 19:18:02,pendente
741,741,10416.54,poupança,2025-03-24 10:47:21,pendente
742,742,11658.87,poupança,2025-01-14 14:15:18,desbloqueada
743,743,2126.63,poupança,2025-01-11 11:53:31,desbloqueada
744,744,6221.34,poupança,2025-03-14 21:53:16,bloqueada
745,745,14737.57,corrente,2025-01-30 03:23:47,desbloqueada
746,746,7522.6,corrente,2025-01-09 09:48:16,bloqueada
747,747,6540.25,corrente,2025-03-23 18:29:16,pendente
748,748,3762.12,corrente,2025-01-21 23:05:30,desbloqueada
749,749,7135.22,salário,2025-02-04 12:09:23,pendente
750,750,5991.43,poupança,2025-03-11 01:04:56,pendente
751,751,11175.35,salário,2025-01-15 12:59:47,pendente
752,752,1493.3,salário,2025-01-13 05:15:43,pendente
753,753,13227.05,corrente,2025-03-31 12:29:20,desbloqueada
754,754,8146.07,salário,2025-02-28 04:42:34,pendente
755,755,12285.04,poupança,2025-01-01 12:07:13,desbloqueada
756,756,7640.62,poupança,2025-01-15 13:18:36,bloqueada
757,757,6426.54,corrente,2025-04-03 15:53:40,bloqueada
758,758,2261.89,corrente,2025-01-19 06:31:16,bloqueada
759,759,7724.87,salário,2025-02-22 00:13:01,bloqueada
760,760,14828.7,poupança,2025-01-13 00:56:31,desbloqueada
761,761,8923.22,corrente,2025-01-24 03:51:28,desbloqueada
762,762,3407.35,salário,2025-03-05 16:33:45,bloqueada
763,763,14669.88,corrente,2025-02-26 20:07:33,desbloqueada
764,764,3469.69,poupança,2025-02-01 17:15:08,bloqueada
765,765,11502.03,salário,2025-01-18 03:04:44,pendente
766,766,11969.65,poupança,2025-03-07 17:24:31,bloqueada
767,767,10115.08,corrente,2025-02-15 15:52:15,bloqueada
768,768,9435.24,corrente,2025-04-04 13:22:22,pendente
769,769,3772.35,corrente,2025-02-27 21:50:55,desbloqueada
770,770,2139.8,poupança,2025-01-05 09:01:09,bloqueada
771,771,138.62,corrente,2025-01-15 19:22:32,desbloqueada
772,772,12763.24,poupança,2025-01-16 19:39:27,bloqueada
773,773,7695.7,corrente,2025-02-06 12:12:08,pendente
774,774,11351.0,poupança,2025-01-08 12:36:51,desbloqueada
775,775,6287.8,corrente,2025-01-30 12:02:37,pendente
776,776,12712.32,poupança,2025-01-13 02:07:35,pendente
777,777,9721.21,poupança,2025-01-02 05:56:01,pendente
778,778,9407.35,corrente,2025-04-01 00:07:26,desbloqueada
779,779,4071.66,corrente,2025-04-02 20:10:43,desbloqueada
780,780,2921.96,salário,2025-03-19 07:44:18,desbloqueada
781,781,6303.71,salário,2025-01-19 22:44:03,pendente
782,782,8024.01,corrente,2025-02-03 03:12:51,desbloqueada
783,783,8142.29,corrente,2025-02-08 00:09:14,desbloqueada
784,784,6455.97,corrente,2025-01-20 23:30:31,pendente
785,785,8206.54,poupança,2025-02-10 22:53:30,desbloqueada
786,786,2930.23,salário,2025-01-20 15:07:45,pendente
787,787,7466.99,salário,2025-03-04 03:58:01,bloqueada
788,788,11389.7,salário,2025-03-13 07:18:25,desbloqueada
789,789,8944.05,corrente,2025-03-23 06:30:01,desbloqueada
790,790,3755.58,corrente,2025-02-18 17:27:54,bloqueada
791,791,75.57,poupança,2025-02-22 18:25:47,desbloqueada
792,792,4623.25,salário,2025-03-22 17:19:00,pendente
793,793,2423.16,poupança,2025-01-25 14:48:30,bloqueada
794,794,11051.6,poupança,2025-02-21 19:18:51,bloqueada
795,795,6529.02,poupança,2025-03-25 21:11:13,pendente
796,796,2445.54,salário,2025-01-01 19:26:16,bloqueada
797,797,8594.07,corrente,2025-01-11 13:22:09,bloqueada
798,798,7534.98,corrente,2025-01-11 10:22:14,desbloqueada
799,799,12256.19,poupança,2025-03-25 05:15:37,pendente
800,800,8009.62,salário,2025-03-31 00:29:56,bloqueada
801,801,367.45,poupança,2025-03-22 02:40:09,desbloqueada
802,802,9390.34,poupança,2025-03-29 00:03:33,pendente
803,803,14857.85,salário,2025-02-20 08:18:59,desbloqueada
804,804,5502.32,corrente,2025-01-10 23:43:34,desbloqueada
805,805,4193.1,poupança,2025-02-24 22:50:46,pendente
806,806,123.97,salário,2025-02-11 08:54:14,pendente
807,807,11712.61,salário,2025-01-26 16:49:49,pendente
808,808,11084.93,poupança,2025-03-02 15:33:09,bloqueada
809,809,3601.64,salário,2025-03-08 08:44:46,pendente
810,810,13106.6,poupança,2025-01-10 07:36:45,bloqueada
811,811,12958.59,poupança,2025-04-06 08:48:24,desbloqueada
812,812,2225.83,poupança,2025-02-09 16:37:53,pendente
813,813,5612.41,poupança,2025-03-09 15:12:34,pendente
814,814,12466.01,corrente,2025-01-05 05:33:16,desbloqueada
815,815,11533.2,salário,2025-02-04 02:23:55,pendente
816,816,960.92,corrente,2025-03-23 11:07:08,desbloqueada
817,817,2579.46,poupança,2025-03-01 17:37:27,desbloqueada
818,818,11871.35,salário,2025-01-03 17:44:10,bloqueada
819,819,12090.76,salário,2025-01-19 19:31:53,pendente
820,820,693.63,salário,2025-02-07 05:15:50,desbloqueada
821,821,10792.7,corrente,2025-02-10 21:10:29,pendente
822,822,4813.85,salário,2025-03-17 07:24:39,bloqueada
823,823,5411.38,salário,2025-02-09 22:36:00,bloqueada
824,824,3128.65,poupança,2025-03-05 15:10:03,bloqueada
825,825,9125.48,poupança,2025-02-04 11:45:01,desbloqueada
826,826,7167.27,corrente,2025-01-22 23:15:41,pendente
827,827,6228.36,corrente,2025-01-08 06:17:31,bloqueada
828,828,5276.65,poupança,2025-01-15 10:08:40,desbloqueada
829,829,12351.85,corrente,2025-02-01 18:00:14,pendente
830,830,5219.32,corrente,2025-02-22 12:41:23,bloqueada
831,831,14652.78,poupança,2025-01-17 02:13:14,bloqueada
832,832,5623.15,poupança,2025-02-27 04:55:57,pendente
833,833,2065.15,corrente,2025-01-26 11:26:13,desbloqueada
834,834,9593.71,salário,2025-02-12 03:13:12,pendente
835,835,2644.84,corrente,2025-02-24 12:40:03,bloqueada
836,836,9545.43,salário,2025-03-29 03:44:53,desbloqueada
837,837,14796.83,corrente,2025-02-17 23:51:08,desbloqueada
838,838,10909.87,corrente,2025-02-28 14:54:04,desbloqueada
839,839,13548.6,corrente,2025-02-02 10:19:49,pendente
840,840,14905.18,corrente,2025-04-05 21:08:45,bloqueada
841,841,362.85,corrente,2025-02-01 08:34:58,bloqueada
842,842,3219.82,poupança,2025-03-15 21:07:55,bloqueada
843,843,7306.37,corrente,2025-01-07 16:11:42,bloqueada
844,844,909.86,corrente,2025-02-21 17:53:29,pendente
845,845,5307.65,corrente,2025-03-04 12:58:18,desbloqueada
846,846,10521.38,salário,2025-04-06 15:06:18,pendente
847,847,13375.0,poupança,2025-02-09 23:26:35,desbloqueada
848,848,10864.84,corrente,2025-01-06 02:17:33,bloqueada
849,849,4642.56,poupança,2025-02-01 11:10:53,bloqueada
850,850,1381.42,corrente,2025-03-08 19:44:08,bloqueada
851,851,6313.74,salário,2025-02-27 09:28:24,pendente
852,852,13557.11,poupança,2025-01-20 14:18:59,bloqueada
853,853,6370.26,salário,2025-02-17 22:18:04,bloqueada
854,854,7100.1,poupança,2025-01-10 08:48:00,desbloqueada
855,855,1089.39,corrente,2025-03-03 07:24:18,bloqueada
856,856,1035.27,corrente,2025-02-10 16:38:03,bloqueada
857,857,2085.28,poupança,2025-01-31 18:19:28,desbloqueada
858,858,6927.21,salário,2025-02-20 16:56:43,bloqueada
859,859,14951.41,poupança,2025-04-01 20:53:01,bloqueada
860,860,7566.15,poupança,2025-03-17 07:57:20,desbloqueada
861,861,13831.91,poupança,2025-01-29 19:14:39,bloqueada
862,862,9432.72,salário,2025-02-13 02:23:57,desbloqueada
863,863,5424.21,corrente,2025-02-03 06:07:18,bloqueada
864,864,13426.66,salário,2025-02-28 07:09:41,pendente
865,865,6245.57,corrente,2025-02-12 06:35:52,bloqueada
866,866,5303.76,salário,2025-03-07 08:59:44,desbloqueada
867,867,9199.81,poupança,2025-02-03 08:00:44,pendente
868,868,858.04,salário,2025-01-11 15:07:54,bloqueada
869,869,10985.43,corrente,2025-03-30 22:07:26,bloqueada
870,870,14395.35,salário,2025-03-23 20:30:19,pendente
871,871,8569.25,salário,2025-02-19 18:03:32,desbloqueada
872,872,11170.18,corrente,2025-02-18 17:55:42,pendente
873,873,6482.81,poupança,2025-02-10 10:22:44,desbloqueada
874,874,10260.61,corrente,2025-04-05 17:51:42,pendente
875,875,5823.36,salário,2025-02-14 03:46:53,bloqueada
876,876,1453.99,salário,2025-01-06 03:22:17,desbloqueada
877,877,6033.85,corrente,2025-01-22 00:24:59,desbloqueada
878,878,3214.43,corrente,2025-01-03 07:28:48,pendente
879,879,4548.6,corrente,2025-01-25 21:06:01,desbloqueada
880,880,3540.63,corrente,2025-01-21 23:58:58,desbloqueada
881,881,5480.51,salário,2025-03-17 19:13:51,bloqueada
882,882,2232.17,corrente,2025-01-20 12:39:36,desbloqueada
883,883,12237.02,poupança,2025-03-27 15:59:39,desbloqueada
884,884,4815.8,poupança,2025-03-12 20:23:34,bloqueada
885,885,5274.05,salário,2025-03-07 02:47:49,pendente
886,886,11611.37,poupança,2025-03-15 23:38:09,bloqueada
887,887,3400.98,salário,2025-04-05 12:41:16,pendente
888,888,13846.23,poupança,2025-04-05 21:30:21,bloqueada
889,889,11231.89,corrente,2025-01-11 07:56:20,desbloqueada
890,890,10919.51,corrente,2025-03-16 12:05:17,pendente
891,891,312.44,salário,2025-03-05 15:16:59,bloqueada
892,892,8615.53,corrente,2025-03-13 03:14:16,desbloqueada
893,893,9598.07,corrente,2025-04-02 13:42:37,bloqueada
894,894,12786.02,poupança,2025-01-28 02:41:49,bloqueada
895,895,1351.41,corrente,2025-01-29 03:17:55,pendente
896,896,8207.74,poupança,2025-01-05 07:18:21,bloqueada
897,897,1447.32,poupança,2025-03-01 19:37:15,pendente
898,898,10702.12,corrente,2025-04-01 20:29:33,desbloqueada
899,899,8329.27,poupança,2025-03-07 10:40:58,desbloqueada
900,900,3228.58,poupança,2025-03-20 22:35:53,pendente
901,901,8680.64,poupança,2025-02-26 04:38:15,desbloqueada
902,902,4887.24,poupança,2025-03-20 15:34:22,desbloqueada
903,903,2304.02,poupança,2025-03-05 17:47:21,desbloqueada
904,904,14674.75,salário,2025-01-20 18:27:23,pendente
905,905,2238.75,poupança,2025-02-25 13:14:26,pendente
906,906,2620.69,corrente,2025-01-17 11:27:20,bloqueada
907,907,13742.42,salário,2025-02-18 00:27:30,pendente
908,908,9569.02,salário,2025-03-25 00:37:17,bloqueada
909,909,3853.17,salário,2025-01-27 01:16:45,desbloqueada
910,910,11055.3,salário,2025-01-10 01:39:21,pendente
911,911,10961.37,salário,2025-02-07 21:29:30,pendente
912,912,6547.71,salário,2025-03-21 19:05:53,bloqueada
913,913,9030.39,poupança,2025-02-10 08:57:04,desbloqueada
914,914,3094.24,corrente,2025-03-27 03:16:31,pendente
915,915,2221.96,salário,2025-03-26 22:18:25,bloqueada
916,916,5291.89,poupança,2025-01-07 17:31:49,pendente
917,917,13916.24,corrente,2025-02-12 14:26:50,desbloqueada
918,918,922.09,poupança,2025-03-18 23:38:50,pendente
919,919,10342.82,corrente,2025-02-09 10:21:49,pendente
920,920,3786.92,salário,2025-02-22 22:14:07,bloqueada
921,921,12440.55,corrente,2025-03-02 00:28:56,desbloqueada
922,922,703.68,corrente,2025-03-07 03:01:18,bloqueada
923,923,4560.56,corrente,2025-02-27 06:49:02,desbloqueada
924,924,10044.54,salário,2025-01-04 23:27:42,desbloqueada
925,925,184.14,corrente,2025-01-09 12:21:57,bloqueada
926,926,5062.29,poupança,2025-02-16 03:56:15,desbloqueada
927,927,509.63,poupança,2025-03-26 05:03:58,pendente
928,928,14069.94,poupança,2025-02-21 23:39:17,pendente
929,929,11367.32,corrente,2025-03-15 11:45:07,desbloqueada
930,930,8998.79,corrente,2025-02-10 08:23:44,bloqueada
931,931,1155.8,corrente,2025-02-09 07:29:43,desbloqueada
932,932,3408.5,poupança,2025-02-02 22:45:03,desbloqueada
933,933,13061.08,salário,2025-01-11 04:37:43,bloqueada
934,934,3101.38,poupança,2025-02-24 16:07:26,bloqueada
935,935,9050.29,corrente,2025-01-15 22:59:21,pendente
936,936,1607.21,corrente,2025-01-15 21:10:12,pendente
937,937,6135.86,poupança,2025-03-05 04:35:59,bloqueada
938,938,6112.26,corrente,2025-02-17 11:25:18,desbloqueada
939,939,4721.69,corrente,2025-02-01 06:43:02,bloqueada
940,940,2519.07,salário,2025-03-05 02:08:56,pendente
941,941,6275.03,poupança,2025-01-28 00:05:03,pendente
942,942,2131.64,corrente,2025-03-07 19:20:10,desbloqueada
943,943,14154.51,salário,2025-03-10 21:58:18,pendente
944,944,3077.12,poupança,2025-02-05 13:55:23,bloqueada
945,945,3685.03,salário,2025-03-24 05:47:44,pendente
946,946,12710.63,poupança,2025-01-04 02:03:16,desbloqueada
947,947,10387.21,salário,2025-01-14 01:22:41,desbloqueada
948,948,14313.61,corrente,2025-02-23 16:50:38,bloqueada
949,949,6592.39,poupança,2025-01-09 18:22:32,bloqueada
950,950,11633.17,corrente,2025-03-16 00:23:07,desbloqueada
951,951,12326.86,salário,2025-03-16 20:40:56,bloqueada
952,952,12297.96,poupança,2025-01-02 20:38:47,desbloqueada
953,953,11038.49,poupança,2025-02-07 11:28:42,desbloqueada
954,954,6375.31,corrente,2025-03-31 03:27:44,desbloqueada
955,955,4782.1,corrente,2025-03-29 08:28:23,bloqueada
956,956,1396.97,salário,2025-01-08 21:20:46,desbloqueada
957,957,1459.73,corrente,2025-02-01 09:52:28,bloqueada
958,958,2306.74,poupança,2025-02-02 21:08:25,pendente
959,959,14136.13,corrente,2025-02-10 00:57:14,pendente
960,960,1963.92,poupança,2025-01-17 23:04:40,desbloqueada
961,961,10390.98,corrente,2025-02-12 12:26:45,pendente
962,962,7814.45,corrente,2025-04-02 18:22:10,desbloqueada
963,963,10211.66,salário,2025-04-01 22:47:57,bloqueada
964,964,5520.93,salário,2025-02-15 09:40:08,desbloqueada
965,965,7687.35,poupança,2025-03-05 14:40:47,desbloqueada
966,966,7567.63,salário,2025-02-22 18:21:24,bloqueada
967,967,4036.3,poupança,2025-03-18 02:13:09,bloqueada
968,968,4348.37,salário,2025-01-08 15:27:35,pendente
969,969,11100.05,salário,2025-02-11 01:39:07,pendente
970,970,12765.93,poupança,2025-02-09 08:17:22,pendente
971,971,12381.29,poupança,2025-04-05 17:49:06,desbloqueada
972,972,4757.52,salário,2025-02-26 01:10:26,desbloqueada
973,973,2438.48,corrente,2025-02-24 11:22:36,desbloqueada
974,974,13036.75,poupança,2025-03-08 20:25:59,pendente
975,975,8500.32,poupança,2025-01-07 11:44:39,desbloqueada
976,976,13091.44,salário,2025-01-30 19:31:51,bloqueada
977,977,14243.92,poupança,2025-02-13 13:00:32,bloqueada
978,978,3862.11,poupança,2025-02-20 14:14:35,bloqueada
979,979,4820.32,salário,2025-02-15 16:07:40,pendente
980,980,1039.06,corrente,2025-03-08 23:40:22,desbloqueada
981,981,1887.33,salário,2025-03-18 19:14:32,pendente
982,982,1595.7,corrente,2025-03-29 14:44:10,desbloqueada
983,983,4230.23,corrente,2025-02-04 14:10:17,desbloqueada
984,984,3160.15,poupança,2025-03-30 03:38:24,bloqueada
985,985,8629.68,salário,2025-01-30 08:44:29,desbloqueada
986,986,10892.8,corrente,2025-02-04 01:50:46,pendente
987,987,1885.05,corrente,2025-01-21 14:59:55,pendente
988,988,11551.59,poupança,2025-02-05 19:29:19,desbloqueada
989,989,179.38,poupança,2025-02-03 04:24:50,pendente
990,990,1766.54,salário,2025-03-17 22:39:15,desbloqueada
991,991,13012.74,corrente,2025-02-26 08:07:32,desbloqueada
992,992,9228.55,poupança,2025-03-12 20:15:11,desbloqueada
993,993,5303.72,poupança,2025-02-08 18:18:46,bloqueada
994,994,12379.06,corrente,2025-02-25 01:04:20,pendente
995,995,8346.04,salário,2025-01-06 09:36:49,bloqueada
996,996,5595.71,salário,2025-02-03 17:38:08,pendente
997,997,7530.55,poupança,2025-02-09 02:20:44,bloqueada
998,998,1996.88,poupança,2025-01-04 14:08:52,bloqueada
999,999,7307.07,poupança,2025-02-06 12:12:30,bloqueada
